level,group,country,file_name,governance_type,evidence_strength,context_guidance_score,dimension,score,intensity,clause_rows,total_rows,coverage,document_count,total_documents,document_coverage,confidence_mean
context_country,Argentina,,,Voluntary Guidance-led,very-thin-review-required,59,scope/coverage,51.5,medium,2,4,0.5,1,2,0.5,0.6
context_country,Argentina,,,Voluntary Guidance-led,very-thin-review-required,59,disclosure/labeling,37.5,medium,1,4,0.25,1,2,0.5,0.75
context_country,Argentina,,,Voluntary Guidance-led,very-thin-review-required,59,remedies/consent,0,none,0,4,0,0,2,0,0
context_country,Argentina,,,Voluntary Guidance-led,very-thin-review-required,59,elections,0,none,0,4,0,0,2,0,0
context_country,Argentina,,,Voluntary Guidance-led,very-thin-review-required,59,criminalize/penalty,63.8,high,2,4,0.5,2,2,1,0.75
context_country,Argentina,,,Voluntary Guidance-led,very-thin-review-required,59,platform duties,51.5,medium,2,4,0.5,1,2,0.5,0.6
context_country,Australia,,,Hybrid Legal-Guidance-led,thin,73.6,scope/coverage,80.5,high,13,18,0.7222,4,4,1,0.904
context_country,Australia,,,Hybrid Legal-Guidance-led,thin,73.6,disclosure/labeling,65.5,high,12,18,0.6667,2,4,0.5,0.813
context_country,Australia,,,Hybrid Legal-Guidance-led,thin,73.6,remedies/consent,32.2,medium,2,18,0.1111,2,4,0.5,1
context_country,Australia,,,Hybrid Legal-Guidance-led,thin,73.6,elections,0,none,0,18,0,0,4,0,0
context_country,Australia,,,Hybrid Legal-Guidance-led,thin,73.6,criminalize/penalty,32.2,medium,2,18,0.1111,2,4,0.5,1
context_country,Australia,,,Hybrid Legal-Guidance-led,thin,73.6,platform duties,49.7,medium,7,18,0.3889,2,4,0.5,0.964
context_country,Brazil,,,Voluntary Guidance-led,very-thin-review-required,71.8,scope/coverage,100,high,1,1,1,1,1,1,1
context_country,Brazil,,,Voluntary Guidance-led,very-thin-review-required,71.8,disclosure/labeling,0,none,0,1,0,0,1,0,0
context_country,Brazil,,,Voluntary Guidance-led,very-thin-review-required,71.8,remedies/consent,0,none,0,1,0,0,1,0,0
context_country,Brazil,,,Voluntary Guidance-led,very-thin-review-required,71.8,elections,0,none,0,1,0,0,1,0,0
context_country,Brazil,,,Voluntary Guidance-led,very-thin-review-required,71.8,criminalize/penalty,0,none,0,1,0,0,1,0,0
context_country,Brazil,,,Voluntary Guidance-led,very-thin-review-required,71.8,platform duties,100,high,1,1,1,1,1,1,1
context_country,EU,,,Hybrid Legal-Guidance-led,very-thin-review-required,75.2,scope/coverage,100,high,1,1,1,1,1,1,1
context_country,EU,,,Hybrid Legal-Guidance-led,very-thin-review-required,75.2,disclosure/labeling,0,none,0,1,0,0,1,0,0
context_country,EU,,,Hybrid Legal-Guidance-led,very-thin-review-required,75.2,remedies/consent,100,high,1,1,1,1,1,1,1
context_country,EU,,,Hybrid Legal-Guidance-led,very-thin-review-required,75.2,elections,0,none,0,1,0,0,1,0,0
context_country,EU,,,Hybrid Legal-Guidance-led,very-thin-review-required,75.2,criminalize/penalty,0,none,0,1,0,0,1,0,0
context_country,EU,,,Hybrid Legal-Guidance-led,very-thin-review-required,75.2,platform duties,100,high,1,1,1,1,1,1,1
context_country,Saudi Arabia,,,Hybrid Legal-Guidance-led,thin,75.6,scope/coverage,97.6,high,13,13,1,1,1,1,0.842
context_country,Saudi Arabia,,,Hybrid Legal-Guidance-led,thin,75.6,disclosure/labeling,0,none,0,13,0,0,1,0,0
context_country,Saudi Arabia,,,Hybrid Legal-Guidance-led,thin,75.6,remedies/consent,0,none,0,13,0,0,1,0,0
context_country,Saudi Arabia,,,Hybrid Legal-Guidance-led,thin,75.6,elections,45,medium,2,13,0.1538,1,1,1,1
context_country,Saudi Arabia,,,Hybrid Legal-Guidance-led,thin,75.6,criminalize/penalty,0,none,0,13,0,0,1,0,0
context_country,Saudi Arabia,,,Hybrid Legal-Guidance-led,thin,75.6,platform duties,40,medium,1,13,0.0769,1,1,1,1
context_country,Singapore,,,Hybrid Legal-Guidance-led,moderate,78,scope/coverage,94,high,41,42,0.9762,2,2,1,0.7
context_country,Singapore,,,Hybrid Legal-Guidance-led,moderate,78,disclosure/labeling,37.1,medium,3,42,0.0714,2,2,1,0.833
context_country,Singapore,,,Hybrid Legal-Guidance-led,moderate,78,remedies/consent,29.6,low,3,42,0.0714,1,2,0.5,1
context_country,Singapore,,,Hybrid Legal-Guidance-led,moderate,78,elections,28.1,low,2,42,0.0476,1,2,0.5,1
context_country,Singapore,,,Hybrid Legal-Guidance-led,moderate,78,criminalize/penalty,26.5,low,1,42,0.0238,1,2,0.5,1
context_country,Singapore,,,Hybrid Legal-Guidance-led,moderate,78,platform duties,37.3,medium,9,42,0.2143,1,2,0.5,0.889
context_country,South Korea,,,Hybrid Legal-Guidance-led,strong,97.3,scope/coverage,95.1,high,344,359,0.9582,8,8,1,0.857
context_country,South Korea,,,Hybrid Legal-Guidance-led,strong,97.3,disclosure/labeling,45.9,medium,91,359,0.2535,6,8,0.75,0.962
context_country,South Korea,,,Hybrid Legal-Guidance-led,strong,97.3,remedies/consent,38.3,medium,49,359,0.1365,6,8,0.75,0.959
context_country,South Korea,,,Hybrid Legal-Guidance-led,strong,97.3,elections,30.4,medium,17,359,0.0474,5,8,0.625,0.985
context_country,South Korea,,,Hybrid Legal-Guidance-led,strong,97.3,criminalize/penalty,41.2,medium,64,359,0.1783,6,8,0.75,0.977
context_country,South Korea,,,Hybrid Legal-Guidance-led,strong,97.3,platform duties,58.1,medium,161,359,0.4485,6,8,0.75,0.929
context_country,United Arab Emirates,,,Hybrid Legal-Guidance-led,strong,71.7,scope/coverage,66.2,high,162,289,0.5606,5,5,1,0.653
context_country,United Arab Emirates,,,Hybrid Legal-Guidance-led,strong,71.7,disclosure/labeling,32.1,medium,15,289,0.0519,4,5,0.8,0.85
context_country,United Arab Emirates,,,Hybrid Legal-Guidance-led,strong,71.7,remedies/consent,26.5,low,8,289,0.0277,3,5,0.6,0.844
context_country,United Arab Emirates,,,Hybrid Legal-Guidance-led,strong,71.7,elections,26.6,low,5,289,0.0173,3,5,0.6,0.9
context_country,United Arab Emirates,,,Hybrid Legal-Guidance-led,strong,71.7,criminalize/penalty,26,low,4,289,0.0138,3,5,0.6,0.875
context_country,United Arab Emirates,,,Hybrid Legal-Guidance-led,strong,71.7,platform duties,66.8,high,158,289,0.5467,5,5,1,0.753
context_country,United Kingdom,,,Hybrid Legal-Guidance-led,moderate,87.8,scope/coverage,80.5,high,62,87,0.7126,4,4,1,0.943
context_country,United Kingdom,,,Hybrid Legal-Guidance-led,moderate,87.8,disclosure/labeling,87.5,high,72,87,0.8276,4,4,1,0.917
context_country,United Kingdom,,,Hybrid Legal-Guidance-led,moderate,87.8,remedies/consent,42.9,medium,11,87,0.1264,4,4,1,0.977
context_country,United Kingdom,,,Hybrid Legal-Guidance-led,moderate,87.8,elections,39.1,medium,13,87,0.1494,3,4,0.75,0.958
context_country,United Kingdom,,,Hybrid Legal-Guidance-led,moderate,87.8,criminalize/penalty,27.2,low,3,87,0.0345,2,4,0.5,1
context_country,United Kingdom,,,Hybrid Legal-Guidance-led,moderate,87.8,platform duties,62.2,high,37,87,0.4253,4,4,1,0.973
context_country,United States,,,Hybrid Legal-Guidance-led,strong,93.3,scope/coverage,87.8,high,161,187,0.861,4,4,1,0.788
context_country,United States,,,Hybrid Legal-Guidance-led,strong,93.3,disclosure/labeling,33.5,medium,14,187,0.0749,3,4,0.75,0.911
context_country,United States,,,Hybrid Legal-Guidance-led,strong,93.3,remedies/consent,32.2,medium,24,187,0.1283,2,4,0.5,0.927
context_country,United States,,,Hybrid Legal-Guidance-led,strong,93.3,elections,32.4,medium,24,187,0.1283,2,4,0.5,0.938
context_country,United States,,,Hybrid Legal-Guidance-led,strong,93.3,criminalize/penalty,32.4,medium,39,187,0.2086,1,4,0.25,0.923
context_country,United States,,,Hybrid Legal-Guidance-led,strong,93.3,platform duties,48,medium,56,187,0.2995,3,4,0.75,0.901
country,Argentina,,,Voluntary Guidance-led,very-thin-review-required,59,scope/coverage,0,none,0,0,0,0,1,0,0
country,Argentina,,,Voluntary Guidance-led,very-thin-review-required,59,disclosure/labeling,0,none,0,0,0,0,1,0,0
country,Argentina,,,Voluntary Guidance-led,very-thin-review-required,59,remedies/consent,0,none,0,0,0,0,1,0,0
country,Argentina,,,Voluntary Guidance-led,very-thin-review-required,59,elections,0,none,0,0,0,0,1,0,0
country,Argentina,,,Voluntary Guidance-led,very-thin-review-required,59,criminalize/penalty,0,none,0,0,0,0,1,0,0
country,Argentina,,,Voluntary Guidance-led,very-thin-review-required,59,platform duties,0,none,0,0,0,0,1,0,0
country,Australia,,,Hybrid Legal-Guidance-led,strong,73.6,scope/coverage,55.6,medium,5936,15970,0.3717,11,11,1,0.76
country,Australia,,,Hybrid Legal-Guidance-led,strong,73.6,disclosure/labeling,27.8,low,370,15970,0.0232,8,11,0.7273,0.783
country,Australia,,,Hybrid Legal-Guidance-led,strong,73.6,remedies/consent,37.3,medium,1381,15970,0.0865,11,11,1,0.776
country,Australia,,,Hybrid Legal-Guidance-led,strong,73.6,elections,27.6,low,163,15970,0.0102,8,11,0.7273,0.827
country,Australia,,,Hybrid Legal-Guidance-led,strong,73.6,criminalize/penalty,70.5,high,10169,15970,0.6368,10,11,0.9091,0.73
country,Australia,,,Hybrid Legal-Guidance-led,strong,73.6,platform duties,36.1,medium,1340,15970,0.0839,11,11,1,0.707
country,Brazil,,,Voluntary Guidance-led,very-thin-review-required,71.8,scope/coverage,0,none,0,0,0,0,1,0,0
country,Brazil,,,Voluntary Guidance-led,very-thin-review-required,71.8,disclosure/labeling,0,none,0,0,0,0,1,0,0
country,Brazil,,,Voluntary Guidance-led,very-thin-review-required,71.8,remedies/consent,0,none,0,0,0,0,1,0,0
country,Brazil,,,Voluntary Guidance-led,very-thin-review-required,71.8,elections,0,none,0,0,0,0,1,0,0
country,Brazil,,,Voluntary Guidance-led,very-thin-review-required,71.8,criminalize/penalty,0,none,0,0,0,0,1,0,0
country,Brazil,,,Voluntary Guidance-led,very-thin-review-required,71.8,platform duties,0,none,0,0,0,0,1,0,0
country,China,,,Platform-duty-led,strong,0,scope/coverage,90.4,high,116,127,0.9134,5,5,1,0.735
country,China,,,Platform-duty-led,strong,0,disclosure/labeling,35,medium,17,127,0.1339,3,5,0.6,0.956
country,China,,,Platform-duty-led,strong,0,remedies/consent,33.3,medium,10,127,0.0787,4,5,0.8,0.81
country,China,,,Platform-duty-led,strong,0,elections,26.7,low,6,127,0.0472,3,5,0.6,0.775
country,China,,,Platform-duty-led,strong,0,criminalize/penalty,40.7,medium,13,127,0.1024,5,5,1,0.938
country,China,,,Platform-duty-led,strong,0,platform duties,78.2,high,92,127,0.7244,5,5,1,0.743
country,EU,,,Hybrid Legal-Guidance-led,strong,75.2,scope/coverage,70.7,high,836,1410,0.5929,2,2,1,0.808
country,EU,,,Hybrid Legal-Guidance-led,strong,75.2,disclosure/labeling,40.7,medium,159,1410,0.1128,2,2,1,0.895
country,EU,,,Hybrid Legal-Guidance-led,strong,75.2,remedies/consent,35.7,medium,52,1410,0.0369,2,2,1,0.889
country,EU,,,Hybrid Legal-Guidance-led,strong,75.2,elections,35.6,medium,55,1410,0.039,2,2,1,0.873
country,EU,,,Hybrid Legal-Guidance-led,strong,75.2,criminalize/penalty,42,medium,203,1410,0.144,2,2,1,0.845
country,EU,,,Hybrid Legal-Guidance-led,strong,75.2,platform duties,76,high,956,1410,0.678,2,2,1,0.795
country,France,,,Hybrid Criminal-Platform-led,very-thin-review-required,0,scope/coverage,56.7,medium,1,3,0.3333,1,1,1,1
country,France,,,Hybrid Criminal-Platform-led,very-thin-review-required,0,disclosure/labeling,97.5,high,3,3,1,1,1,1,0.833
country,France,,,Hybrid Criminal-Platform-led,very-thin-review-required,0,remedies/consent,56.7,medium,1,3,0.3333,1,1,1,1
country,France,,,Hybrid Criminal-Platform-led,very-thin-review-required,0,elections,0,none,0,3,0,0,1,0,0
country,France,,,Hybrid Criminal-Platform-led,very-thin-review-required,0,criminalize/penalty,76.5,high,2,3,0.6667,1,1,1,0.875
country,France,,,Hybrid Criminal-Platform-led,very-thin-review-required,0,platform duties,97.5,high,3,3,1,1,1,1,0.833
country,India,,,Hybrid Criminal-Platform-led,moderate,0,scope/coverage,88.5,high,29,34,0.8529,1,1,1,0.871
country,India,,,Hybrid Criminal-Platform-led,moderate,0,disclosure/labeling,54.3,medium,11,34,0.3235,1,1,1,0.886
country,India,,,Hybrid Criminal-Platform-led,moderate,0,remedies/consent,44.6,medium,6,34,0.1765,1,1,1,0.875
country,India,,,Hybrid Criminal-Platform-led,moderate,0,elections,0,none,0,34,0,0,1,0,0
country,India,,,Hybrid Criminal-Platform-led,moderate,0,criminalize/penalty,46.5,medium,6,34,0.1765,1,1,1,1
country,India,,,Hybrid Criminal-Platform-led,moderate,0,platform duties,66.2,high,17,34,0.5,1,1,1,0.912
country,Italy,,,Strict Criminal-led,moderate,0,scope/coverage,65,high,27,48,0.5625,1,1,1,0.561
country,Italy,,,Strict Criminal-led,moderate,0,disclosure/labeling,35.3,medium,3,48,0.0625,1,1,1,0.75
country,Italy,,,Strict Criminal-led,moderate,0,remedies/consent,35.3,medium,3,48,0.0625,1,1,1,0.75
country,Italy,,,Strict Criminal-led,moderate,0,elections,35.3,medium,5,48,0.1042,1,1,1,0.57
country,Italy,,,Strict Criminal-led,moderate,0,criminalize/penalty,57,medium,19,48,0.3958,1,1,1,0.75
country,Italy,,,Strict Criminal-led,moderate,0,platform duties,38,medium,5,48,0.1042,1,1,1,0.75
country,Japan,,,Platform-duty-led,strong,0,scope/coverage,71.1,high,179,291,0.6151,2,2,1,0.74
country,Japan,,,Platform-duty-led,strong,0,disclosure/labeling,54.6,medium,145,291,0.4983,1,2,0.5,0.816
country,Japan,,,Platform-duty-led,strong,0,remedies/consent,34.4,medium,11,291,0.0378,2,2,1,0.795
country,Japan,,,Platform-duty-led,strong,0,elections,24.4,low,7,291,0.0241,1,2,0.5,0.857
country,Japan,,,Platform-duty-led,strong,0,criminalize/penalty,37.8,medium,27,291,0.0928,2,2,1,0.787
country,Japan,,,Platform-duty-led,strong,0,platform duties,46.7,medium,59,291,0.2027,2,2,1,0.903
country,Mexico,,,Hybrid Criminal-Platform-led,thin,0,scope/coverage,43.6,medium,4,21,0.1905,2,2,1,0.75
country,Mexico,,,Hybrid Criminal-Platform-led,thin,0,disclosure/labeling,35.8,medium,5,21,0.2381,1,2,0.5,0.69
country,Mexico,,,Hybrid Criminal-Platform-led,thin,0,remedies/consent,48.3,medium,6,21,0.2857,2,2,1,0.65
country,Mexico,,,Hybrid Criminal-Platform-led,thin,0,elections,54.3,medium,8,21,0.381,2,2,1,0.637
country,Mexico,,,Hybrid Criminal-Platform-led,thin,0,criminalize/penalty,58.6,medium,9,21,0.4286,2,2,1,0.717
country,Mexico,,,Hybrid Criminal-Platform-led,thin,0,platform duties,66.1,high,12,21,0.5714,2,2,1,0.6
country,Pakistan,,,Hybrid Criminal-Platform-led,moderate,0,scope/coverage,74.3,high,51,77,0.6623,1,1,1,0.751
country,Pakistan,,,Hybrid Criminal-Platform-led,moderate,0,disclosure/labeling,0,none,0,77,0,0,1,0,0
country,Pakistan,,,Hybrid Criminal-Platform-led,moderate,0,remedies/consent,0,none,0,77,0,0,1,0,0
country,Pakistan,,,Hybrid Criminal-Platform-led,moderate,0,elections,0,none,0,77,0,0,1,0,0
country,Pakistan,,,Hybrid Criminal-Platform-led,moderate,0,criminalize/penalty,50.6,medium,21,77,0.2727,1,1,1,0.857
country,Pakistan,,,Hybrid Criminal-Platform-led,moderate,0,platform duties,69.7,high,45,77,0.5844,1,1,1,0.78
country,Saudi Arabia,,,Hybrid Legal-Guidance-led,thin,75.6,scope/coverage,60.4,high,9,20,0.45,1,1,1,0.744
country,Saudi Arabia,,,Hybrid Legal-Guidance-led,thin,75.6,disclosure/labeling,39.6,medium,2,20,0.1,1,1,1,0.875
country,Saudi Arabia,,,Hybrid Legal-Guidance-led,thin,75.6,remedies/consent,0,none,0,20,0,0,1,0,0
country,Saudi Arabia,,,Hybrid Legal-Guidance-led,thin,75.6,elections,0,none,0,20,0,0,1,0,0
country,Saudi Arabia,,,Hybrid Legal-Guidance-led,thin,75.6,criminalize/penalty,75.1,high,14,20,0.7,1,1,1,0.643
country,Saudi Arabia,,,Hybrid Legal-Guidance-led,thin,75.6,platform duties,34.5,medium,1,20,0.05,1,1,1,0.75
country,Singapore,,,Hybrid Legal-Guidance-led,moderate,78,scope/coverage,44.5,medium,25,69,0.3623,1,2,0.5,0.73
country,Singapore,,,Hybrid Legal-Guidance-led,moderate,78,disclosure/labeling,0,none,0,69,0,0,2,0,0
country,Singapore,,,Hybrid Legal-Guidance-led,moderate,78,remedies/consent,25,low,2,69,0.029,1,2,0.5,0.875
country,Singapore,,,Hybrid Legal-Guidance-led,moderate,78,elections,77.9,high,49,69,0.7101,2,2,1,0.786
country,Singapore,,,Hybrid Legal-Guidance-led,moderate,78,criminalize/penalty,35,medium,14,69,0.2029,1,2,0.5,0.786
country,Singapore,,,Hybrid Legal-Guidance-led,moderate,78,platform duties,23.1,low,2,69,0.029,1,2,0.5,0.75
country,South Africa,,,Hybrid Criminal-Platform-led,moderate,0,scope/coverage,57.1,medium,258,645,0.4,1,1,1,0.741
country,South Africa,,,Hybrid Criminal-Platform-led,moderate,0,disclosure/labeling,41.1,medium,89,645,0.138,1,1,1,0.812
country,South Africa,,,Hybrid Criminal-Platform-led,moderate,0,remedies/consent,36.2,medium,41,645,0.0636,1,1,1,0.805
country,South Africa,,,Hybrid Criminal-Platform-led,moderate,0,elections,33,medium,7,645,0.0109,1,1,1,0.821
country,South Africa,,,Hybrid Criminal-Platform-led,moderate,0,criminalize/penalty,60.8,high,290,645,0.4496,1,1,1,0.771
country,South Africa,,,Hybrid Criminal-Platform-led,moderate,0,platform duties,54,medium,227,645,0.3519,1,1,1,0.745
country,South Korea,,,Hybrid Legal-Guidance-led,strong,97.3,scope/coverage,75.7,high,879,1239,0.7094,10,10,1,0.642
country,South Korea,,,Hybrid Legal-Guidance-led,strong,97.3,disclosure/labeling,39.6,medium,177,1239,0.1429,9,10,0.9,0.823
country,South Korea,,,Hybrid Legal-Guidance-led,strong,97.3,remedies/consent,28.5,low,81,1239,0.0654,6,10,0.6,0.818
country,South Korea,,,Hybrid Legal-Guidance-led,strong,97.3,elections,22.8,low,9,1239,0.0073,5,10,0.5,0.822
country,South Korea,,,Hybrid Legal-Guidance-led,strong,97.3,criminalize/penalty,38.6,medium,203,1239,0.1638,8,10,0.8,0.796
country,South Korea,,,Hybrid Legal-Guidance-led,strong,97.3,platform duties,43.9,medium,307,1239,0.2478,8,10,0.8,0.788
country,Taiwan,,,Strict Criminal-led,strong,0,scope/coverage,52.3,medium,79,265,0.2981,2,2,1,0.863
country,Taiwan,,,Strict Criminal-led,strong,0,disclosure/labeling,25.6,low,8,265,0.0302,1,2,0.5,0.906
country,Taiwan,,,Strict Criminal-led,strong,0,remedies/consent,30.6,medium,29,265,0.1094,1,2,0.5,0.897
country,Taiwan,,,Strict Criminal-led,strong,0,elections,37.8,medium,17,265,0.0642,2,2,1,0.912
country,Taiwan,,,Strict Criminal-led,strong,0,criminalize/penalty,80.8,high,240,265,0.9057,1,2,0.5,0.799
country,Taiwan,,,Strict Criminal-led,strong,0,platform duties,44.2,medium,46,265,0.1736,2,2,1,0.863
country,Tanzania,,,Hybrid Criminal-Platform-led,moderate,0,scope/coverage,44,medium,38,201,0.1891,1,1,1,0.782
country,Tanzania,,,Hybrid Criminal-Platform-led,moderate,0,disclosure/labeling,38.6,medium,19,201,0.0945,1,1,1,0.829
country,Tanzania,,,Hybrid Criminal-Platform-led,moderate,0,remedies/consent,35.1,medium,5,201,0.0249,1,1,1,0.9
country,Tanzania,,,Hybrid Criminal-Platform-led,moderate,0,elections,35.3,medium,1,201,0.005,1,1,1,1
country,Tanzania,,,Hybrid Criminal-Platform-led,moderate,0,criminalize/penalty,65.7,high,106,201,0.5274,1,1,1,0.764
country,Tanzania,,,Hybrid Criminal-Platform-led,moderate,0,platform duties,56.8,medium,78,201,0.3881,1,1,1,0.769
country,United Arab Emirates,,,Hybrid Legal-Guidance-led,moderate,71.7,scope/coverage,44.1,medium,12,73,0.1644,1,1,1,0.896
country,United Arab Emirates,,,Hybrid Legal-Guidance-led,moderate,71.7,disclosure/labeling,42,medium,10,73,0.137,1,1,1,0.875
country,United Arab Emirates,,,Hybrid Legal-Guidance-led,moderate,71.7,remedies/consent,38,medium,5,73,0.0685,1,1,1,0.9
country,United Arab Emirates,,,Hybrid Legal-Guidance-led,moderate,71.7,elections,34.9,medium,2,73,0.0274,1,1,1,0.875
country,United Arab Emirates,,,Hybrid Legal-Guidance-led,moderate,71.7,criminalize/penalty,91.9,high,67,73,0.9178,1,1,1,0.813
country,United Arab Emirates,,,Hybrid Legal-Guidance-led,moderate,71.7,platform duties,43.4,medium,11,73,0.1507,1,1,1,0.905
country,United Kingdom,,,Hybrid Legal-Guidance-led,strong,87.8,scope/coverage,56,medium,1446,3779,0.3826,2,2,1,0.739
country,United Kingdom,,,Hybrid Legal-Guidance-led,strong,87.8,disclosure/labeling,36.5,medium,236,3779,0.0625,2,2,1,0.829
country,United Kingdom,,,Hybrid Legal-Guidance-led,strong,87.8,remedies/consent,38.4,medium,359,3779,0.095,2,2,1,0.814
country,United Kingdom,,,Hybrid Legal-Guidance-led,strong,87.8,elections,31.7,medium,14,3779,0.0037,2,2,1,0.764
country,United Kingdom,,,Hybrid Legal-Guidance-led,strong,87.8,criminalize/penalty,49,medium,999,3779,0.2644,2,2,1,0.788
country,United Kingdom,,,Hybrid Legal-Guidance-led,strong,87.8,platform duties,69,high,2214,3779,0.5859,2,2,1,0.727
country,United States,,,Hybrid Legal-Guidance-led,strong,93.3,scope/coverage,81.9,high,383,496,0.7722,16,16,1,0.778
country,United States,,,Hybrid Legal-Guidance-led,strong,93.3,disclosure/labeling,37.3,medium,74,496,0.1492,11,16,0.6875,0.922
country,United States,,,Hybrid Legal-Guidance-led,strong,93.3,remedies/consent,39.7,medium,81,496,0.1633,13,16,0.8125,0.858
country,United States,,,Hybrid Legal-Guidance-led,strong,93.3,elections,38.3,medium,80,496,0.1613,11,16,0.6875,0.941
country,United States,,,Hybrid Legal-Guidance-led,strong,93.3,criminalize/penalty,34.5,medium,52,496,0.1048,12,16,0.75,0.846
country,United States,,,Hybrid Legal-Guidance-led,strong,93.3,platform duties,44.3,medium,123,496,0.248,12,16,0.75,0.878
law,Australia / (b) the victim is significantly deprived of personal freedom in respect of aspects of his or her life other than the provision of the labour or services.,Australia,australia-2026-C2026C00068VOL02.docx,Strict Criminal-led,moderate,,scope/coverage,52.4,medium,549,1698,0.3233,1,1,1,0.76
law,Australia / (b) the victim is significantly deprived of personal freedom in respect of aspects of his or her life other than the provision of the labour or services.,Australia,australia-2026-C2026C00068VOL02.docx,Strict Criminal-led,moderate,,disclosure/labeling,32,medium,13,1698,0.0077,1,1,1,0.769
law,Australia / (b) the victim is significantly deprived of personal freedom in respect of aspects of his or her life other than the provision of the labour or services.,Australia,australia-2026-C2026C00068VOL02.docx,Strict Criminal-led,moderate,,remedies/consent,39.7,medium,218,1698,0.1284,1,1,1,0.758
law,Australia / (b) the victim is significantly deprived of personal freedom in respect of aspects of his or her life other than the provision of the labour or services.,Australia,australia-2026-C2026C00068VOL02.docx,Strict Criminal-led,moderate,,elections,31.5,medium,7,1698,0.0041,1,1,1,0.75
law,Australia / (b) the victim is significantly deprived of personal freedom in respect of aspects of his or her life other than the provision of the labour or services.,Australia,australia-2026-C2026C00068VOL02.docx,Strict Criminal-led,moderate,,criminalize/penalty,77.6,high,1216,1698,0.7161,1,1,1,0.739
law,Australia / (b) the victim is significantly deprived of personal freedom in respect of aspects of his or her life other than the provision of the labour or services.,Australia,australia-2026-C2026C00068VOL02.docx,Strict Criminal-led,moderate,,platform duties,32.3,medium,49,1698,0.0289,1,1,1,0.696
law,Australia / 2 Criminal Code Act 1995,Australia,australia-2026-C2026C00068VOL02.pdf,Strict Criminal-led,strong,,scope/coverage,47,medium,816,3403,0.2398,2,2,1,0.761
law,Australia / 2 Criminal Code Act 1995,Australia,australia-2026-C2026C00068VOL02.pdf,Strict Criminal-led,strong,,disclosure/labeling,32.6,medium,55,3403,0.0162,2,2,1,0.768
law,Australia / 2 Criminal Code Act 1995,Australia,australia-2026-C2026C00068VOL02.pdf,Strict Criminal-led,strong,,remedies/consent,38.8,medium,393,3403,0.1155,2,2,1,0.753
law,Australia / 2 Criminal Code Act 1995,Australia,australia-2026-C2026C00068VOL02.pdf,Strict Criminal-led,strong,,elections,31.8,medium,13,3403,0.0038,2,2,1,0.769
law,Australia / 2 Criminal Code Act 1995,Australia,australia-2026-C2026C00068VOL02.pdf,Strict Criminal-led,strong,,criminalize/penalty,79,high,2541,3403,0.7467,2,2,1,0.699
law,Australia / 2 Criminal Code Act 1995,Australia,australia-2026-C2026C00068VOL02.pdf,Strict Criminal-led,strong,,platform duties,35.4,medium,307,3403,0.0902,2,2,1,0.635
law,Australia / 6 Criminal Code Act 1995,Australia,australia-2026-C2026C00068VOL01.pdf,Strict Criminal-led,moderate,,scope/coverage,51.6,medium,822,2621,0.3136,1,1,1,0.748
law,Australia / 6 Criminal Code Act 1995,Australia,australia-2026-C2026C00068VOL01.pdf,Strict Criminal-led,moderate,,disclosure/labeling,32.9,medium,59,2621,0.0225,1,1,1,0.763
law,Australia / 6 Criminal Code Act 1995,Australia,australia-2026-C2026C00068VOL01.pdf,Strict Criminal-led,moderate,,remedies/consent,34,medium,83,2621,0.0317,1,1,1,0.795
law,Australia / 6 Criminal Code Act 1995,Australia,australia-2026-C2026C00068VOL01.pdf,Strict Criminal-led,moderate,,elections,33.5,medium,35,2621,0.0134,1,1,1,0.843
law,Australia / 6 Criminal Code Act 1995,Australia,australia-2026-C2026C00068VOL01.pdf,Strict Criminal-led,moderate,,criminalize/penalty,79,high,1953,2621,0.7451,1,1,1,0.706
law,Australia / 6 Criminal Code Act 1995,Australia,australia-2026-C2026C00068VOL01.pdf,Strict Criminal-led,moderate,,platform duties,32.3,medium,54,2621,0.0206,1,1,1,0.73
law,Australia / C2026C00068VOL03,Australia,australia-2026-C2026C00068VOL03.docx,Hybrid Criminal-Platform-led,moderate,,scope/coverage,52.9,medium,108,333,0.3243,1,1,1,0.789
law,Australia / C2026C00068VOL03,Australia,australia-2026-C2026C00068VOL03.docx,Hybrid Criminal-Platform-led,moderate,,disclosure/labeling,0,none,0,333,0,0,1,0,0
law,Australia / C2026C00068VOL03,Australia,australia-2026-C2026C00068VOL03.docx,Hybrid Criminal-Platform-led,moderate,,remedies/consent,39.2,medium,41,333,0.1231,1,1,1,0.748
law,Australia / C2026C00068VOL03,Australia,australia-2026-C2026C00068VOL03.docx,Hybrid Criminal-Platform-led,moderate,,elections,35.2,medium,1,333,0.003,1,1,1,1
law,Australia / C2026C00068VOL03,Australia,australia-2026-C2026C00068VOL03.docx,Hybrid Criminal-Platform-led,moderate,,criminalize/penalty,69,high,192,333,0.5766,1,1,1,0.771
law,Australia / C2026C00068VOL03,Australia,australia-2026-C2026C00068VOL03.docx,Hybrid Criminal-Platform-led,moderate,,platform duties,55.4,medium,127,333,0.3814,1,1,1,0.705
law,Australia / Criminal Code Amendment (Deepfake Sexual Material) Act 2024,Australia,australia-2024-C2024A00078.docx,Strict Criminal-led,moderate,,scope/coverage,60.3,high,21,49,0.4286,1,1,1,0.829
law,Australia / Criminal Code Amendment (Deepfake Sexual Material) Act 2024,Australia,australia-2024-C2024A00078.docx,Strict Criminal-led,moderate,,disclosure/labeling,0,none,0,49,0,0,1,0,0
law,Australia / Criminal Code Amendment (Deepfake Sexual Material) Act 2024,Australia,australia-2024-C2024A00078.docx,Strict Criminal-led,moderate,,remedies/consent,56.6,medium,18,49,0.3673,1,1,1,0.847
law,Australia / Criminal Code Amendment (Deepfake Sexual Material) Act 2024,Australia,australia-2024-C2024A00078.docx,Strict Criminal-led,moderate,,elections,0,none,0,49,0,0,1,0,0
law,Australia / Criminal Code Amendment (Deepfake Sexual Material) Act 2024,Australia,australia-2024-C2024A00078.docx,Strict Criminal-led,moderate,,criminalize/penalty,73.2,high,31,49,0.6327,1,1,1,0.805
law,Australia / Criminal Code Amendment (Deepfake Sexual Material) Act 2024,Australia,australia-2024-C2024A00078.docx,Strict Criminal-led,moderate,,platform duties,38.6,medium,5,49,0.102,1,1,1,0.8
law,Australia / F2024L00710,Australia,australia-2024-F2024L00710.docx,Platform-duty-led,moderate,,scope/coverage,58.3,medium,193,480,0.4021,1,1,1,0.81
law,Australia / F2024L00710,Australia,australia-2024-F2024L00710.docx,Platform-duty-led,moderate,,disclosure/labeling,37,medium,15,480,0.0313,1,1,1,1
law,Australia / F2024L00710,Australia,australia-2024-F2024L00710.docx,Platform-duty-led,moderate,,remedies/consent,48.4,medium,115,480,0.2396,1,1,1,0.854
law,Australia / F2024L00710,Australia,australia-2024-F2024L00710.docx,Platform-duty-led,moderate,,elections,33.4,medium,2,480,0.0042,1,1,1,0.875
law,Australia / F2024L00710,Australia,australia-2024-F2024L00710.docx,Platform-duty-led,moderate,,criminalize/penalty,34.1,medium,18,480,0.0375,1,1,1,0.781
law,Australia / F2024L00710,Australia,australia-2024-F2024L00710.docx,Platform-duty-led,moderate,,platform duties,84.3,high,390,480,0.8125,1,1,1,0.768
law,Australia / F2024L01435,Australia,australia-2024-F2024L01435.docx,Hybrid/Mixed,moderate,,scope/coverage,90.7,high,64,71,0.9014,1,1,1,0.804
law,Australia / F2024L01435,Australia,australia-2024-F2024L01435.docx,Hybrid/Mixed,moderate,,disclosure/labeling,40.9,medium,7,71,0.0986,1,1,1,0.964
law,Australia / F2024L01435,Australia,australia-2024-F2024L01435.docx,Hybrid/Mixed,moderate,,remedies/consent,35.2,medium,3,71,0.0423,1,1,1,0.833
law,Australia / F2024L01435,Australia,australia-2024-F2024L01435.docx,Hybrid/Mixed,moderate,,elections,0,none,0,71,0,0,1,0,0
law,Australia / F2024L01435,Australia,australia-2024-F2024L01435.docx,Hybrid/Mixed,moderate,,criminalize/penalty,0,none,0,71,0,0,1,0,0
law,Australia / F2024L01435,Australia,australia-2024-F2024L01435.docx,Hybrid/Mixed,moderate,,platform duties,43,medium,10,71,0.1408,1,1,1,0.925
law,Australia / Note: An electronic version of this Act is available on the Federal Register of Legislation,Australia,australia-2024-C2024A00078.pdf,Strict Criminal-led,moderate,,scope/coverage,65.6,high,36,67,0.5373,1,1,1,0.71
law,Australia / Note: An electronic version of this Act is available on the Federal Register of Legislation,Australia,australia-2024-C2024A00078.pdf,Strict Criminal-led,moderate,,disclosure/labeling,0,none,0,67,0,0,1,0,0
law,Australia / Note: An electronic version of this Act is available on the Federal Register of Legislation,Australia,australia-2024-C2024A00078.pdf,Strict Criminal-led,moderate,,remedies/consent,53.6,medium,21,67,0.3134,1,1,1,0.881
law,Australia / Note: An electronic version of this Act is available on the Federal Register of Legislation,Australia,australia-2024-C2024A00078.pdf,Strict Criminal-led,moderate,,elections,0,none,0,67,0,0,1,0,0
law,Australia / Note: An electronic version of this Act is available on the Federal Register of Legislation,Australia,australia-2024-C2024A00078.pdf,Strict Criminal-led,moderate,,criminalize/penalty,68.1,high,37,67,0.5522,1,1,1,0.816
law,Australia / Note: An electronic version of this Act is available on the Federal Register of Legislation,Australia,australia-2024-C2024A00078.pdf,Strict Criminal-led,moderate,,platform duties,34,medium,4,67,0.0597,1,1,1,0.675
law,Australia / This Subdivision is not intended to exclude or limit the operation of any other law of the Commonwealth or of a State or Territory.,Australia,australia-2026-C2026C00068.epub,Strict Criminal-led,strong,,scope/coverage,61.2,high,3327,7248,0.459,2,2,1,0.757
law,Australia / This Subdivision is not intended to exclude or limit the operation of any other law of the Commonwealth or of a State or Territory.,Australia,australia-2026-C2026C00068.epub,Strict Criminal-led,strong,,disclosure/labeling,33.6,medium,221,7248,0.0305,2,2,1,0.773
law,Australia / This Subdivision is not intended to exclude or limit the operation of any other law of the Commonwealth or of a State or Territory.,Australia,australia-2026-C2026C00068.epub,Strict Criminal-led,strong,,remedies/consent,36,medium,489,7248,0.0675,2,2,1,0.776
law,Australia / This Subdivision is not intended to exclude or limit the operation of any other law of the Commonwealth or of a State or Territory.,Australia,australia-2026-C2026C00068.epub,Strict Criminal-led,strong,,elections,33.4,medium,105,7248,0.0145,2,2,1,0.831
law,Australia / This Subdivision is not intended to exclude or limit the operation of any other law of the Commonwealth or of a State or Territory.,Australia,australia-2026-C2026C00068.epub,Strict Criminal-led,strong,,criminalize/penalty,68.8,high,4181,7248,0.5768,2,2,1,0.753
law,Australia / This Subdivision is not intended to exclude or limit the operation of any other law of the Commonwealth or of a State or Territory.,Australia,australia-2026-C2026C00068.epub,Strict Criminal-led,strong,,platform duties,33.9,medium,394,7248,0.0544,2,2,1,0.694
law,China / 《互联网信息服务深度合成管理规定》已经2022年11月3日国家,China,china-2022-deep-synthesis-provisions-official-cn.pdf,Platform-duty-led,moderate,,scope/coverage,91.8,high,25,25,1,1,1,1,0.45
law,China / 《互联网信息服务深度合成管理规定》已经2022年11月3日国家,China,china-2022-deep-synthesis-provisions-official-cn.pdf,Platform-duty-led,moderate,,disclosure/labeling,0,none,0,25,0,0,1,0,0
law,China / 《互联网信息服务深度合成管理规定》已经2022年11月3日国家,China,china-2022-deep-synthesis-provisions-official-cn.pdf,Platform-duty-led,moderate,,remedies/consent,32,medium,2,25,0.08,1,1,1,0.45
law,China / 《互联网信息服务深度合成管理规定》已经2022年11月3日国家,China,china-2022-deep-synthesis-provisions-official-cn.pdf,Platform-duty-led,moderate,,elections,29.4,low,1,25,0.04,1,1,1,0.45
law,China / 《互联网信息服务深度合成管理规定》已经2022年11月3日国家,China,china-2022-deep-synthesis-provisions-official-cn.pdf,Platform-duty-led,moderate,,criminalize/penalty,29.4,low,1,25,0.04,1,1,1,0.45
law,China / 《互联网信息服务深度合成管理规定》已经2022年11月3日国家,China,china-2022-deep-synthesis-provisions-official-cn.pdf,Platform-duty-led,moderate,,platform duties,73.6,high,18,25,0.72,1,1,1,0.45
law,China / deep synthesis provisions english translate,China,china-2022-deep-synthesis-provisions-english-translate.pdf,Platform-duty-led,moderate,,scope/coverage,96.3,high,30,31,0.9677,1,1,1,0.89
law,China / deep synthesis provisions english translate,China,china-2022-deep-synthesis-provisions-english-translate.pdf,Platform-duty-led,moderate,,disclosure/labeling,45.5,medium,5,31,0.1613,1,1,1,1
law,China / deep synthesis provisions english translate,China,china-2022-deep-synthesis-provisions-english-translate.pdf,Platform-duty-led,moderate,,remedies/consent,41.3,medium,3,31,0.0968,1,1,1,1
law,China / deep synthesis provisions english translate,China,china-2022-deep-synthesis-provisions-english-translate.pdf,Platform-duty-led,moderate,,elections,40,medium,3,31,0.0968,1,1,1,0.917
law,China / deep synthesis provisions english translate,China,china-2022-deep-synthesis-provisions-english-translate.pdf,Platform-duty-led,moderate,,criminalize/penalty,43.4,medium,4,31,0.129,1,1,1,1
law,China / deep synthesis provisions english translate,China,china-2022-deep-synthesis-provisions-english-translate.pdf,Platform-duty-led,moderate,,platform duties,84.2,high,24,31,0.7742,1,1,1,0.927
law,China / 互联网信息服务深度合成管理规定 x x x,China,china-2022-deep-synthesis-provisions-korean-translation.pdf,Platform-duty-led,moderate,,scope/coverage,95.8,high,40,41,0.9756,1,1,1,0.824
law,China / 互联网信息服务深度合成管理规定 x x x,China,china-2022-deep-synthesis-provisions-korean-translation.pdf,Platform-duty-led,moderate,,disclosure/labeling,44.5,medium,6,41,0.1463,1,1,1,1
law,China / 互联网信息服务深度合成管理规定 x x x,China,china-2022-deep-synthesis-provisions-korean-translation.pdf,Platform-duty-led,moderate,,remedies/consent,38.2,medium,2,41,0.0488,1,1,1,1
law,China / 互联网信息服务深度合成管理规定 x x x,China,china-2022-deep-synthesis-provisions-korean-translation.pdf,Platform-duty-led,moderate,,elections,34,medium,2,41,0.0488,1,1,1,0.725
law,China / 互联网信息服务深度合成管理规定 x x x,China,china-2022-deep-synthesis-provisions-korean-translation.pdf,Platform-duty-led,moderate,,criminalize/penalty,44.5,medium,6,41,0.1463,1,1,1,1
law,China / 互联网信息服务深度合成管理规定 x x x,China,china-2022-deep-synthesis-provisions-korean-translation.pdf,Platform-duty-led,moderate,,platform duties,72,high,24,41,0.5854,1,1,1,0.931
law,China / 关于印发《人工智能生成合成内容标识办法》的通知,China,china-2025-ai-generated-synthetic-content-labeling-measures-notice-cn.pdf,Platform-duty-led,thin,,scope/coverage,90,high,13,14,0.9286,1,1,1,0.646
law,China / 关于印发《人工智能生成合成内容标识办法》的通知,China,china-2025-ai-generated-synthetic-content-labeling-measures-notice-cn.pdf,Platform-duty-led,thin,,disclosure/labeling,61,high,6,14,0.4286,1,1,1,0.875
law,China / 关于印发《人工智能生成合成内容标识办法》的通知,China,china-2025-ai-generated-synthetic-content-labeling-measures-notice-cn.pdf,Platform-duty-led,thin,,remedies/consent,0,none,0,14,0,0,1,0,0
law,China / 关于印发《人工智能生成合成内容标识办法》的通知,China,china-2025-ai-generated-synthetic-content-labeling-measures-notice-cn.pdf,Platform-duty-led,thin,,elections,0,none,0,14,0,0,1,0,0
law,China / 关于印发《人工智能生成合成内容标识办法》的通知,China,china-2025-ai-generated-synthetic-content-labeling-measures-notice-cn.pdf,Platform-duty-led,thin,,criminalize/penalty,39.6,medium,1,14,0.0714,1,1,1,1
law,China / 关于印发《人工智能生成合成内容标识办法》的通知,China,china-2025-ai-generated-synthetic-content-labeling-measures-notice-cn.pdf,Platform-duty-led,thin,,platform duties,85.3,high,12,14,0.8571,1,1,1,0.638
law,China / 生成式人工智能服务管理暂行办法,China,china-2023-generative-ai-measures-official-cn.pdf,Platform-duty-led,thin,,scope/coverage,63.7,high,8,16,0.5,1,1,1,0.744
law,China / 生成式人工智能服务管理暂行办法,China,china-2023-generative-ai-measures-official-cn.pdf,Platform-duty-led,thin,,disclosure/labeling,0,none,0,16,0,0,1,0,0
law,China / 生成式人工智能服务管理暂行办法,China,china-2023-generative-ai-measures-official-cn.pdf,Platform-duty-led,thin,,remedies/consent,43.2,medium,3,16,0.1875,1,1,1,0.733
law,China / 生成式人工智能服务管理暂行办法,China,china-2023-generative-ai-measures-official-cn.pdf,Platform-duty-led,thin,,elections,0,none,0,16,0,0,1,0,0
law,China / 生成式人工智能服务管理暂行办法,China,china-2023-generative-ai-measures-official-cn.pdf,Platform-duty-led,thin,,criminalize/penalty,35.3,medium,1,16,0.0625,1,1,1,0.75
law,China / 生成式人工智能服务管理暂行办法,China,china-2023-generative-ai-measures-official-cn.pdf,Platform-duty-led,thin,,platform duties,85.5,high,14,16,0.875,1,1,1,0.575
law,EU / REGULATION (EU) 2022/2065 OF THE EUROPEAN PARLIAMENT AND OF THE COUNCIL,EU,eu-2022-dsa.pdf,Platform-duty-led,moderate,,scope/coverage,62.6,high,287,621,0.4622,1,1,1,0.838
law,EU / REGULATION (EU) 2022/2065 OF THE EUROPEAN PARLIAMENT AND OF THE COUNCIL,EU,eu-2022-dsa.pdf,Platform-duty-led,moderate,,disclosure/labeling,41.5,medium,79,621,0.1272,1,1,1,0.88
law,EU / REGULATION (EU) 2022/2065 OF THE EUROPEAN PARLIAMENT AND OF THE COUNCIL,EU,eu-2022-dsa.pdf,Platform-duty-led,moderate,,remedies/consent,35.8,medium,22,621,0.0354,1,1,1,0.898
law,EU / REGULATION (EU) 2022/2065 OF THE EUROPEAN PARLIAMENT AND OF THE COUNCIL,EU,eu-2022-dsa.pdf,Platform-duty-led,moderate,,elections,36.9,medium,38,621,0.0612,1,1,1,0.862
law,EU / REGULATION (EU) 2022/2065 OF THE EUROPEAN PARLIAMENT AND OF THE COUNCIL,EU,eu-2022-dsa.pdf,Platform-duty-led,moderate,,criminalize/penalty,42.4,medium,93,621,0.1498,1,1,1,0.841
law,EU / REGULATION (EU) 2022/2065 OF THE EUROPEAN PARLIAMENT AND OF THE COUNCIL,EU,eu-2022-dsa.pdf,Platform-duty-led,moderate,,platform duties,83.9,high,496,621,0.7987,1,1,1,0.801
law,EU / REGULATION (EU) 2024/1689 OF THE EUROPEAN PARLIAMENT AND OF THE COUNCIL,EU,EU-2025-EU_AI_ACt.pdf,Platform-duty-led,moderate,,scope/coverage,77.1,high,549,789,0.6958,1,1,1,0.793
law,EU / REGULATION (EU) 2024/1689 OF THE EUROPEAN PARLIAMENT AND OF THE COUNCIL,EU,EU-2025-EU_AI_ACt.pdf,Platform-duty-led,moderate,,disclosure/labeling,40.2,medium,80,789,0.1014,1,1,1,0.909
law,EU / REGULATION (EU) 2024/1689 OF THE EUROPEAN PARLIAMENT AND OF THE COUNCIL,EU,EU-2025-EU_AI_ACt.pdf,Platform-duty-led,moderate,,remedies/consent,35.7,medium,30,789,0.038,1,1,1,0.883
law,EU / REGULATION (EU) 2024/1689 OF THE EUROPEAN PARLIAMENT AND OF THE COUNCIL,EU,EU-2025-EU_AI_ACt.pdf,Platform-duty-led,moderate,,elections,34.9,medium,17,789,0.0215,1,1,1,0.897
law,EU / REGULATION (EU) 2024/1689 OF THE EUROPEAN PARLIAMENT AND OF THE COUNCIL,EU,EU-2025-EU_AI_ACt.pdf,Platform-duty-led,moderate,,criminalize/penalty,41.8,medium,110,789,0.1394,1,1,1,0.847
law,EU / REGULATION (EU) 2024/1689 OF THE EUROPEAN PARLIAMENT AND OF THE COUNCIL,EU,EU-2025-EU_AI_ACt.pdf,Platform-duty-led,moderate,,platform duties,69.7,high,460,789,0.583,1,1,1,0.789
law,"France / B. – Un décret en Conseil d’Etat, pris après avis de la Commission nationale de l’informatique et des libertés et de l’Autorité nationale des jeux, fixe les informations que l’entreprise de jeux à objets numériques monétisables doit déclarer à cette autorité pour que celle-ci puisse s’assurer que le jeu appartient à la catégorie des jeux à objets numériques monétisables au sens de l’article 40 et que son exploitation est compatible avec le respect par l’entreprise des obligations mentionnées au I du même article 40 et au présent article.",France,france-2024-sren-joe_20240522_0117_0002.pdf,Hybrid Criminal-Platform-led,very-thin-review-required,,scope/coverage,56.7,medium,1,3,0.3333,1,1,1,1
law,"France / B. – Un décret en Conseil d’Etat, pris après avis de la Commission nationale de l’informatique et des libertés et de l’Autorité nationale des jeux, fixe les informations que l’entreprise de jeux à objets numériques monétisables doit déclarer à cette autorité pour que celle-ci puisse s’assurer que le jeu appartient à la catégorie des jeux à objets numériques monétisables au sens de l’article 40 et que son exploitation est compatible avec le respect par l’entreprise des obligations mentionnées au I du même article 40 et au présent article.",France,france-2024-sren-joe_20240522_0117_0002.pdf,Hybrid Criminal-Platform-led,very-thin-review-required,,disclosure/labeling,97.5,high,3,3,1,1,1,1,0.833
law,"France / B. – Un décret en Conseil d’Etat, pris après avis de la Commission nationale de l’informatique et des libertés et de l’Autorité nationale des jeux, fixe les informations que l’entreprise de jeux à objets numériques monétisables doit déclarer à cette autorité pour que celle-ci puisse s’assurer que le jeu appartient à la catégorie des jeux à objets numériques monétisables au sens de l’article 40 et que son exploitation est compatible avec le respect par l’entreprise des obligations mentionnées au I du même article 40 et au présent article.",France,france-2024-sren-joe_20240522_0117_0002.pdf,Hybrid Criminal-Platform-led,very-thin-review-required,,remedies/consent,56.7,medium,1,3,0.3333,1,1,1,1
law,"France / B. – Un décret en Conseil d’Etat, pris après avis de la Commission nationale de l’informatique et des libertés et de l’Autorité nationale des jeux, fixe les informations que l’entreprise de jeux à objets numériques monétisables doit déclarer à cette autorité pour que celle-ci puisse s’assurer que le jeu appartient à la catégorie des jeux à objets numériques monétisables au sens de l’article 40 et que son exploitation est compatible avec le respect par l’entreprise des obligations mentionnées au I du même article 40 et au présent article.",France,france-2024-sren-joe_20240522_0117_0002.pdf,Hybrid Criminal-Platform-led,very-thin-review-required,,elections,0,none,0,3,0,0,1,0,0
law,"France / B. – Un décret en Conseil d’Etat, pris après avis de la Commission nationale de l’informatique et des libertés et de l’Autorité nationale des jeux, fixe les informations que l’entreprise de jeux à objets numériques monétisables doit déclarer à cette autorité pour que celle-ci puisse s’assurer que le jeu appartient à la catégorie des jeux à objets numériques monétisables au sens de l’article 40 et que son exploitation est compatible avec le respect par l’entreprise des obligations mentionnées au I du même article 40 et au présent article.",France,france-2024-sren-joe_20240522_0117_0002.pdf,Hybrid Criminal-Platform-led,very-thin-review-required,,criminalize/penalty,76.5,high,2,3,0.6667,1,1,1,0.875
law,"France / B. – Un décret en Conseil d’Etat, pris après avis de la Commission nationale de l’informatique et des libertés et de l’Autorité nationale des jeux, fixe les informations que l’entreprise de jeux à objets numériques monétisables doit déclarer à cette autorité pour que celle-ci puisse s’assurer que le jeu appartient à la catégorie des jeux à objets numériques monétisables au sens de l’article 40 et que son exploitation est compatible avec le respect par l’entreprise des obligations mentionnées au I du même article 40 et au présent article.",France,france-2024-sren-joe_20240522_0117_0002.pdf,Hybrid Criminal-Platform-led,very-thin-review-required,,platform duties,97.5,high,3,3,1,1,1,1,0.833
law,India / ITrules 1770830416599,India,india-2026-ITrules-1770830416599.pdf,Hybrid Criminal-Platform-led,moderate,,scope/coverage,88.5,high,29,34,0.8529,1,1,1,0.871
law,India / ITrules 1770830416599,India,india-2026-ITrules-1770830416599.pdf,Hybrid Criminal-Platform-led,moderate,,disclosure/labeling,54.3,medium,11,34,0.3235,1,1,1,0.886
law,India / ITrules 1770830416599,India,india-2026-ITrules-1770830416599.pdf,Hybrid Criminal-Platform-led,moderate,,remedies/consent,44.6,medium,6,34,0.1765,1,1,1,0.875
law,India / ITrules 1770830416599,India,india-2026-ITrules-1770830416599.pdf,Hybrid Criminal-Platform-led,moderate,,elections,0,none,0,34,0,0,1,0,0
law,India / ITrules 1770830416599,India,india-2026-ITrules-1770830416599.pdf,Hybrid Criminal-Platform-led,moderate,,criminalize/penalty,46.5,medium,6,34,0.1765,1,1,1,1
law,India / ITrules 1770830416599,India,india-2026-ITrules-1770830416599.pdf,Hybrid Criminal-Platform-led,moderate,,platform duties,66.2,high,17,34,0.5,1,1,1,0.912
law,Italy / artificial intelligence law no 132 it,Italy,italy-2025-artificial-intelligence-law-no-132-it.pdf,Strict Criminal-led,moderate,,scope/coverage,65,high,27,48,0.5625,1,1,1,0.561
law,Italy / artificial intelligence law no 132 it,Italy,italy-2025-artificial-intelligence-law-no-132-it.pdf,Strict Criminal-led,moderate,,disclosure/labeling,35.3,medium,3,48,0.0625,1,1,1,0.75
law,Italy / artificial intelligence law no 132 it,Italy,italy-2025-artificial-intelligence-law-no-132-it.pdf,Strict Criminal-led,moderate,,remedies/consent,35.3,medium,3,48,0.0625,1,1,1,0.75
law,Italy / artificial intelligence law no 132 it,Italy,italy-2025-artificial-intelligence-law-no-132-it.pdf,Strict Criminal-led,moderate,,elections,35.3,medium,5,48,0.1042,1,1,1,0.57
law,Italy / artificial intelligence law no 132 it,Italy,italy-2025-artificial-intelligence-law-no-132-it.pdf,Strict Criminal-led,moderate,,criminalize/penalty,57,medium,19,48,0.3958,1,1,1,0.75
law,Italy / artificial intelligence law no 132 it,Italy,italy-2025-artificial-intelligence-law-no-132-it.pdf,Strict Criminal-led,moderate,,platform duties,38,medium,5,48,0.1042,1,1,1,0.75
law,"Japan / Act on Promotion of Research and Development, and Utilization of Artificial Intelligence-related Technology",Japan,japan-2025-ai-technology-act-no-53.txt,Hybrid/Mixed,moderate,,scope/coverage,93,high,49,49,1,1,1,1,0.536
law,"Japan / Act on Promotion of Research and Development, and Utilization of Artificial Intelligence-related Technology",Japan,japan-2025-ai-technology-act-no-53.txt,Hybrid/Mixed,moderate,,disclosure/labeling,0,none,0,49,0,0,1,0,0
law,"Japan / Act on Promotion of Research and Development, and Utilization of Artificial Intelligence-related Technology",Japan,japan-2025-ai-technology-act-no-53.txt,Hybrid/Mixed,moderate,,remedies/consent,32.6,medium,1,49,0.0204,1,1,1,0.75
law,"Japan / Act on Promotion of Research and Development, and Utilization of Artificial Intelligence-related Technology",Japan,japan-2025-ai-technology-act-no-53.txt,Hybrid/Mixed,moderate,,elections,0,none,0,49,0,0,1,0,0
law,"Japan / Act on Promotion of Research and Development, and Utilization of Artificial Intelligence-related Technology",Japan,japan-2025-ai-technology-act-no-53.txt,Hybrid/Mixed,moderate,,criminalize/penalty,37.9,medium,5,49,0.102,1,1,1,0.75
law,"Japan / Act on Promotion of Research and Development, and Utilization of Artificial Intelligence-related Technology",Japan,japan-2025-ai-technology-act-no-53.txt,Hybrid/Mixed,moderate,,platform duties,33.9,medium,2,49,0.0408,1,1,1,0.75
law,Japan / act on the protection of personal information appi amended april 2026,Japan,japan-2026-act-on-the-protection-of-personal-information-appi-amended-april-2026.txt,Platform-duty-led,moderate,,scope/coverage,67.2,high,130,242,0.5372,1,1,1,0.817
law,Japan / act on the protection of personal information appi amended april 2026,Japan,japan-2026-act-on-the-protection-of-personal-information-appi-amended-april-2026.txt,Platform-duty-led,moderate,,disclosure/labeling,71.2,high,145,242,0.5992,1,1,1,0.816
law,Japan / act on the protection of personal information appi amended april 2026,Japan,japan-2026-act-on-the-protection-of-personal-information-appi-amended-april-2026.txt,Platform-duty-led,moderate,,remedies/consent,34.7,medium,10,242,0.0413,1,1,1,0.8
law,Japan / act on the protection of personal information appi amended april 2026,Japan,japan-2026-act-on-the-protection-of-personal-information-appi-amended-april-2026.txt,Platform-duty-led,moderate,,elections,34.7,medium,7,242,0.0289,1,1,1,0.857
law,Japan / act on the protection of personal information appi amended april 2026,Japan,japan-2026-act-on-the-protection-of-personal-information-appi-amended-april-2026.txt,Platform-duty-led,moderate,,criminalize/penalty,37.8,medium,22,242,0.0909,1,1,1,0.795
law,Japan / act on the protection of personal information appi amended april 2026,Japan,japan-2026-act-on-the-protection-of-personal-information-appi-amended-april-2026.txt,Platform-duty-led,moderate,,platform duties,48.9,medium,57,242,0.2355,1,1,1,0.908
law,Mexico / DECRETO por el que se reforman y adicionan diversas disposiciones de la Ley Federal del Trabajo y de la Ley Federal del Derecho de,Mexico,mexico-2026-labor-copyright-performers-ai-rights-dof-decree.pdf,Hybrid Criminal-Platform-led,very-thin-review-required,,scope/coverage,96.3,high,1,1,1,1,1,1,0.75
law,Mexico / DECRETO por el que se reforman y adicionan diversas disposiciones de la Ley Federal del Trabajo y de la Ley Federal del Derecho de,Mexico,mexico-2026-labor-copyright-performers-ai-rights-dof-decree.pdf,Hybrid Criminal-Platform-led,very-thin-review-required,,disclosure/labeling,0,none,0,1,0,0,1,0,0
law,Mexico / DECRETO por el que se reforman y adicionan diversas disposiciones de la Ley Federal del Trabajo y de la Ley Federal del Derecho de,Mexico,mexico-2026-labor-copyright-performers-ai-rights-dof-decree.pdf,Hybrid Criminal-Platform-led,very-thin-review-required,,remedies/consent,96.3,high,1,1,1,1,1,1,0.75
law,Mexico / DECRETO por el que se reforman y adicionan diversas disposiciones de la Ley Federal del Trabajo y de la Ley Federal del Derecho de,Mexico,mexico-2026-labor-copyright-performers-ai-rights-dof-decree.pdf,Hybrid Criminal-Platform-led,very-thin-review-required,,elections,96.3,high,1,1,1,1,1,1,0.75
law,Mexico / DECRETO por el que se reforman y adicionan diversas disposiciones de la Ley Federal del Trabajo y de la Ley Federal del Derecho de,Mexico,mexico-2026-labor-copyright-performers-ai-rights-dof-decree.pdf,Hybrid Criminal-Platform-led,very-thin-review-required,,criminalize/penalty,96.3,high,1,1,1,1,1,1,0.75
law,Mexico / DECRETO por el que se reforman y adicionan diversas disposiciones de la Ley Federal del Trabajo y de la Ley Federal del Derecho de,Mexico,mexico-2026-labor-copyright-performers-ai-rights-dof-decree.pdf,Hybrid Criminal-Platform-led,very-thin-review-required,,platform duties,96.3,high,1,1,1,1,1,1,0.75
law,Mexico / Nueva Ley publicada en el Diario Oficial de la Federación el 24 de diciembre de 1996,Mexico,mexico-2026-federal-copyright-law-current-lfda.pdf,Hybrid Criminal-Platform-led,thin,,scope/coverage,41,medium,3,20,0.15,1,1,1,0.75
law,Mexico / Nueva Ley publicada en el Diario Oficial de la Federación el 24 de diciembre de 1996,Mexico,mexico-2026-federal-copyright-law-current-lfda.pdf,Hybrid Criminal-Platform-led,thin,,disclosure/labeling,46.6,medium,5,20,0.25,1,1,1,0.69
law,Mexico / Nueva Ley publicada en el Diario Oficial de la Federación el 24 de diciembre de 1996,Mexico,mexico-2026-federal-copyright-law-current-lfda.pdf,Hybrid Criminal-Platform-led,thin,,remedies/consent,45.7,medium,5,20,0.25,1,1,1,0.63
law,Mexico / Nueva Ley publicada en el Diario Oficial de la Federación el 24 de diciembre de 1996,Mexico,mexico-2026-federal-copyright-law-current-lfda.pdf,Hybrid Criminal-Platform-led,thin,,elections,52.1,medium,7,20,0.35,1,1,1,0.621
law,Mexico / Nueva Ley publicada en el Diario Oficial de la Federación el 24 de diciembre de 1996,Mexico,mexico-2026-federal-copyright-law-current-lfda.pdf,Hybrid Criminal-Platform-led,thin,,criminalize/penalty,56.7,medium,8,20,0.4,1,1,1,0.713
law,Mexico / Nueva Ley publicada en el Diario Oficial de la Federación el 24 de diciembre de 1996,Mexico,mexico-2026-federal-copyright-law-current-lfda.pdf,Hybrid Criminal-Platform-led,thin,,platform duties,64.5,high,11,20,0.55,1,1,1,0.586
law,"Pakistan / 2. Amendment of section 2, Act XL of 2016.—In the Prevention of",Pakistan,"pakistan-2025-II. The Prevention of Electronic Crimes (Amendment) Act, 2025.pdf",Hybrid Criminal-Platform-led,moderate,,scope/coverage,74.3,high,51,77,0.6623,1,1,1,0.751
law,"Pakistan / 2. Amendment of section 2, Act XL of 2016.—In the Prevention of",Pakistan,"pakistan-2025-II. The Prevention of Electronic Crimes (Amendment) Act, 2025.pdf",Hybrid Criminal-Platform-led,moderate,,disclosure/labeling,0,none,0,77,0,0,1,0,0
law,"Pakistan / 2. Amendment of section 2, Act XL of 2016.—In the Prevention of",Pakistan,"pakistan-2025-II. The Prevention of Electronic Crimes (Amendment) Act, 2025.pdf",Hybrid Criminal-Platform-led,moderate,,remedies/consent,0,none,0,77,0,0,1,0,0
law,"Pakistan / 2. Amendment of section 2, Act XL of 2016.—In the Prevention of",Pakistan,"pakistan-2025-II. The Prevention of Electronic Crimes (Amendment) Act, 2025.pdf",Hybrid Criminal-Platform-led,moderate,,elections,0,none,0,77,0,0,1,0,0
law,"Pakistan / 2. Amendment of section 2, Act XL of 2016.—In the Prevention of",Pakistan,"pakistan-2025-II. The Prevention of Electronic Crimes (Amendment) Act, 2025.pdf",Hybrid Criminal-Platform-led,moderate,,criminalize/penalty,50.6,medium,21,77,0.2727,1,1,1,0.857
law,"Pakistan / 2. Amendment of section 2, Act XL of 2016.—In the Prevention of",Pakistan,"pakistan-2025-II. The Prevention of Electronic Crimes (Amendment) Act, 2025.pdf",Hybrid Criminal-Platform-led,moderate,,platform duties,69.7,high,45,77,0.5844,1,1,1,0.78
law,Saudi Arabia / Anti-Cyber Crime Law,Saudi Arabia,saudi-2007-Anti-Cyber-Crime-Law-M17-EN.pdf,Strict Criminal-led,thin,,scope/coverage,60.4,high,9,20,0.45,1,1,1,0.744
law,Saudi Arabia / Anti-Cyber Crime Law,Saudi Arabia,saudi-2007-Anti-Cyber-Crime-Law-M17-EN.pdf,Strict Criminal-led,thin,,disclosure/labeling,39.6,medium,2,20,0.1,1,1,1,0.875
law,Saudi Arabia / Anti-Cyber Crime Law,Saudi Arabia,saudi-2007-Anti-Cyber-Crime-Law-M17-EN.pdf,Strict Criminal-led,thin,,remedies/consent,0,none,0,20,0,0,1,0,0
law,Saudi Arabia / Anti-Cyber Crime Law,Saudi Arabia,saudi-2007-Anti-Cyber-Crime-Law-M17-EN.pdf,Strict Criminal-led,thin,,elections,0,none,0,20,0,0,1,0,0
law,Saudi Arabia / Anti-Cyber Crime Law,Saudi Arabia,saudi-2007-Anti-Cyber-Crime-Law-M17-EN.pdf,Strict Criminal-led,thin,,criminalize/penalty,75.1,high,14,20,0.7,1,1,1,0.643
law,Saudi Arabia / Anti-Cyber Crime Law,Saudi Arabia,saudi-2007-Anti-Cyber-Crime-Law-M17-EN.pdf,Strict Criminal-led,thin,,platform duties,34.5,medium,1,20,0.05,1,1,1,0.75
law,"Singapore / (Integrity of Online Advertising) (Amendment) Act 2024, the Prime",Singapore,singapore-2025-elections-integrity-of-online-advertising-amendment-act-commencement-notification-s47-en.pdf,Election-integrity-led,very-thin-review-required,,scope/coverage,0,none,0,3,0,0,1,0,0
law,"Singapore / (Integrity of Online Advertising) (Amendment) Act 2024, the Prime",Singapore,singapore-2025-elections-integrity-of-online-advertising-amendment-act-commencement-notification-s47-en.pdf,Election-integrity-led,very-thin-review-required,,disclosure/labeling,0,none,0,3,0,0,1,0,0
law,"Singapore / (Integrity of Online Advertising) (Amendment) Act 2024, the Prime",Singapore,singapore-2025-elections-integrity-of-online-advertising-amendment-act-commencement-notification-s47-en.pdf,Election-integrity-led,very-thin-review-required,,remedies/consent,0,none,0,3,0,0,1,0,0
law,"Singapore / (Integrity of Online Advertising) (Amendment) Act 2024, the Prime",Singapore,singapore-2025-elections-integrity-of-online-advertising-amendment-act-commencement-notification-s47-en.pdf,Election-integrity-led,very-thin-review-required,,elections,96.3,high,3,3,1,1,1,1,0.75
law,"Singapore / (Integrity of Online Advertising) (Amendment) Act 2024, the Prime",Singapore,singapore-2025-elections-integrity-of-online-advertising-amendment-act-commencement-notification-s47-en.pdf,Election-integrity-led,very-thin-review-required,,criminalize/penalty,0,none,0,3,0,0,1,0,0
law,"Singapore / (Integrity of Online Advertising) (Amendment) Act 2024, the Prime",Singapore,singapore-2025-elections-integrity-of-online-advertising-amendment-act-commencement-notification-s47-en.pdf,Election-integrity-led,very-thin-review-required,,platform duties,0,none,0,3,0,0,1,0,0
law,Singapore / The following Act was passed by Parliament on 15 October 2024 and assented to by the President on 8 November 2024:—,Singapore,singapore-2024-elections-integrity-of-online-advertising-amendment-act-no-34-en.pdf,Strict Criminal-led,moderate,,scope/coverage,55.6,medium,25,66,0.3788,1,1,1,0.73
law,Singapore / The following Act was passed by Parliament on 15 October 2024 and assented to by the President on 8 November 2024:—,Singapore,singapore-2024-elections-integrity-of-online-advertising-amendment-act-no-34-en.pdf,Strict Criminal-led,moderate,,disclosure/labeling,0,none,0,66,0,0,1,0,0
law,Singapore / The following Act was passed by Parliament on 15 October 2024 and assented to by the President on 8 November 2024:—,Singapore,singapore-2024-elections-integrity-of-online-advertising-amendment-act-no-34-en.pdf,Strict Criminal-led,moderate,,remedies/consent,35.1,medium,2,66,0.0303,1,1,1,0.875
law,Singapore / The following Act was passed by Parliament on 15 October 2024 and assented to by the President on 8 November 2024:—,Singapore,singapore-2024-elections-integrity-of-online-advertising-amendment-act-no-34-en.pdf,Strict Criminal-led,moderate,,elections,77.1,high,46,66,0.697,1,1,1,0.788
law,Singapore / The following Act was passed by Parliament on 15 October 2024 and assented to by the President on 8 November 2024:—,Singapore,singapore-2024-elections-integrity-of-online-advertising-amendment-act-no-34-en.pdf,Strict Criminal-led,moderate,,criminalize/penalty,45.6,medium,14,66,0.2121,1,1,1,0.786
law,Singapore / The following Act was passed by Parliament on 15 October 2024 and assented to by the President on 8 November 2024:—,Singapore,singapore-2024-elections-integrity-of-online-advertising-amendment-act-no-34-en.pdf,Strict Criminal-led,moderate,,platform duties,33.2,medium,2,66,0.0303,1,1,1,0.75
law,"South Africa / The PresideNCy die PresideNsie it is hereby notied that the President has assented to the following Act, which is hereby published for g eneral information:—",South Africa,south-africa-2020-cybercrimes-act-no-19-en-af.pdf,Hybrid Criminal-Platform-led,moderate,,scope/coverage,57.1,medium,258,645,0.4,1,1,1,0.741
law,"South Africa / The PresideNCy die PresideNsie it is hereby notied that the President has assented to the following Act, which is hereby published for g eneral information:—",South Africa,south-africa-2020-cybercrimes-act-no-19-en-af.pdf,Hybrid Criminal-Platform-led,moderate,,disclosure/labeling,41.1,medium,89,645,0.138,1,1,1,0.812
law,"South Africa / The PresideNCy die PresideNsie it is hereby notied that the President has assented to the following Act, which is hereby published for g eneral information:—",South Africa,south-africa-2020-cybercrimes-act-no-19-en-af.pdf,Hybrid Criminal-Platform-led,moderate,,remedies/consent,36.2,medium,41,645,0.0636,1,1,1,0.805
law,"South Africa / The PresideNCy die PresideNsie it is hereby notied that the President has assented to the following Act, which is hereby published for g eneral information:—",South Africa,south-africa-2020-cybercrimes-act-no-19-en-af.pdf,Hybrid Criminal-Platform-led,moderate,,elections,33,medium,7,645,0.0109,1,1,1,0.821
law,"South Africa / The PresideNCy die PresideNsie it is hereby notied that the President has assented to the following Act, which is hereby published for g eneral information:—",South Africa,south-africa-2020-cybercrimes-act-no-19-en-af.pdf,Hybrid Criminal-Platform-led,moderate,,criminalize/penalty,60.8,high,290,645,0.4496,1,1,1,0.771
law,"South Africa / The PresideNCy die PresideNsie it is hereby notied that the President has assented to the following Act, which is hereby published for g eneral information:—",South Africa,south-africa-2020-cybercrimes-act-no-19-en-af.pdf,Hybrid Criminal-Platform-led,moderate,,platform duties,54,medium,227,645,0.3519,1,1,1,0.745
law,"South Korea / [Enforcement Date 01. Oct, 2025.] [Act No.21066, 01. Oct, 2025., Amendment by",South Korea,korea-2026-information-communications-network-act-law-no-21305-en.pdf,Hybrid Criminal-Platform-led,moderate,,scope/coverage,49.2,medium,79,290,0.2724,1,1,1,0.764
law,"South Korea / [Enforcement Date 01. Oct, 2025.] [Act No.21066, 01. Oct, 2025., Amendment by",South Korea,korea-2026-information-communications-network-act-law-no-21305-en.pdf,Hybrid Criminal-Platform-led,moderate,,disclosure/labeling,34.5,medium,13,290,0.0448,1,1,1,0.769
law,"South Korea / [Enforcement Date 01. Oct, 2025.] [Act No.21066, 01. Oct, 2025., Amendment by",South Korea,korea-2026-information-communications-network-act-law-no-21305-en.pdf,Hybrid Criminal-Platform-led,moderate,,remedies/consent,38.4,medium,31,290,0.1069,1,1,1,0.766
law,"South Korea / [Enforcement Date 01. Oct, 2025.] [Act No.21066, 01. Oct, 2025., Amendment by",South Korea,korea-2026-information-communications-network-act-law-no-21305-en.pdf,Hybrid Criminal-Platform-led,moderate,,elections,0,none,0,290,0,0,1,0,0
law,"South Korea / [Enforcement Date 01. Oct, 2025.] [Act No.21066, 01. Oct, 2025., Amendment by",South Korea,korea-2026-information-communications-network-act-law-no-21305-en.pdf,Hybrid Criminal-Platform-led,moderate,,criminalize/penalty,47.4,medium,72,290,0.2483,1,1,1,0.752
law,"South Korea / [Enforcement Date 01. Oct, 2025.] [Act No.21066, 01. Oct, 2025., Amendment by",South Korea,korea-2026-information-communications-network-act-law-no-21305-en.pdf,Hybrid Criminal-Platform-led,moderate,,platform duties,63,high,144,290,0.4966,1,1,1,0.717
law,"South Korea / [Enforcement Date 21. Jan, 2025.] [Act No.20712, 21. Jan, 2025., Amendment by",South Korea,korea-2025-act-on-fair-labeling-and-advertising-law-no-20712-en.pdf,Strict Criminal-led,moderate,,scope/coverage,45.3,medium,19,89,0.2135,1,1,1,0.761
law,"South Korea / [Enforcement Date 21. Jan, 2025.] [Act No.20712, 21. Jan, 2025., Amendment by",South Korea,korea-2025-act-on-fair-labeling-and-advertising-law-no-20712-en.pdf,Strict Criminal-led,moderate,,disclosure/labeling,62.8,high,43,89,0.4831,1,1,1,0.762
law,"South Korea / [Enforcement Date 21. Jan, 2025.] [Act No.20712, 21. Jan, 2025., Amendment by",South Korea,korea-2025-act-on-fair-labeling-and-advertising-law-no-20712-en.pdf,Strict Criminal-led,moderate,,remedies/consent,0,none,0,89,0,0,1,0,0
law,"South Korea / [Enforcement Date 21. Jan, 2025.] [Act No.20712, 21. Jan, 2025., Amendment by",South Korea,korea-2025-act-on-fair-labeling-and-advertising-law-no-20712-en.pdf,Strict Criminal-led,moderate,,elections,0,none,0,89,0,0,1,0,0
law,"South Korea / [Enforcement Date 21. Jan, 2025.] [Act No.20712, 21. Jan, 2025., Amendment by",South Korea,korea-2025-act-on-fair-labeling-and-advertising-law-no-20712-en.pdf,Strict Criminal-led,moderate,,criminalize/penalty,62.1,high,42,89,0.4719,1,1,1,0.762
law,"South Korea / [Enforcement Date 21. Jan, 2025.] [Act No.20712, 21. Jan, 2025., Amendment by",South Korea,korea-2025-act-on-fair-labeling-and-advertising-law-no-20712-en.pdf,Strict Criminal-led,moderate,,platform duties,32.7,medium,2,89,0.0225,1,1,1,0.75
law,South Korea / AI Basic Act of the Republic of Korea --> AI Basic Act of the Republic of Korea The Act Implementation About,South Korea,korea-2025-AI Basic Act of the Republic of Korea.html,Hybrid/Mixed,very-thin-review-required,,scope/coverage,91.8,high,1,1,1,1,1,1,0.45
law,South Korea / AI Basic Act of the Republic of Korea --> AI Basic Act of the Republic of Korea The Act Implementation About,South Korea,korea-2025-AI Basic Act of the Republic of Korea.html,Hybrid/Mixed,very-thin-review-required,,disclosure/labeling,0,none,0,1,0,0,1,0,0
law,South Korea / AI Basic Act of the Republic of Korea --> AI Basic Act of the Republic of Korea The Act Implementation About,South Korea,korea-2025-AI Basic Act of the Republic of Korea.html,Hybrid/Mixed,very-thin-review-required,,remedies/consent,0,none,0,1,0,0,1,0,0
law,South Korea / AI Basic Act of the Republic of Korea --> AI Basic Act of the Republic of Korea The Act Implementation About,South Korea,korea-2025-AI Basic Act of the Republic of Korea.html,Hybrid/Mixed,very-thin-review-required,,elections,0,none,0,1,0,0,1,0,0
law,South Korea / AI Basic Act of the Republic of Korea --> AI Basic Act of the Republic of Korea The Act Implementation About,South Korea,korea-2025-AI Basic Act of the Republic of Korea.html,Hybrid/Mixed,very-thin-review-required,,criminalize/penalty,0,none,0,1,0,0,1,0,0
law,South Korea / AI Basic Act of the Republic of Korea --> AI Basic Act of the Republic of Korea The Act Implementation About,South Korea,korea-2025-AI Basic Act of the Republic of Korea.html,Hybrid/Mixed,very-thin-review-required,,platform duties,0,none,0,1,0,0,1,0,0
law,South Korea / The purpose of this Act is to prescribe the basic matters necessary for the,South Korea,korea-2025-framework-act-on-the-development-of-artificial-intelligence-and-the-creation-of-a-foundation-for-trust-en.pdf,Hybrid/Mixed,moderate,,scope/coverage,90.3,high,248,258,0.9612,1,1,1,0.52
law,South Korea / The purpose of this Act is to prescribe the basic matters necessary for the,South Korea,korea-2025-framework-act-on-the-development-of-artificial-intelligence-and-the-creation-of-a-foundation-for-trust-en.pdf,Hybrid/Mixed,moderate,,disclosure/labeling,32.5,medium,5,258,0.0194,1,1,1,0.75
law,South Korea / The purpose of this Act is to prescribe the basic matters necessary for the,South Korea,korea-2025-framework-act-on-the-development-of-artificial-intelligence-and-the-creation-of-a-foundation-for-trust-en.pdf,Hybrid/Mixed,moderate,,remedies/consent,0,none,0,258,0,0,1,0,0
law,South Korea / The purpose of this Act is to prescribe the basic matters necessary for the,South Korea,korea-2025-framework-act-on-the-development-of-artificial-intelligence-and-the-creation-of-a-foundation-for-trust-en.pdf,Hybrid/Mixed,moderate,,elections,27,low,1,258,0.0039,1,1,1,0.45
law,South Korea / The purpose of this Act is to prescribe the basic matters necessary for the,South Korea,korea-2025-framework-act-on-the-development-of-artificial-intelligence-and-the-creation-of-a-foundation-for-trust-en.pdf,Hybrid/Mixed,moderate,,criminalize/penalty,33.5,medium,9,258,0.0349,1,1,1,0.75
law,South Korea / The purpose of this Act is to prescribe the basic matters necessary for the,South Korea,korea-2025-framework-act-on-the-development-of-artificial-intelligence-and-the-creation-of-a-foundation-for-trust-en.pdf,Hybrid/Mixed,moderate,,platform duties,32,medium,6,258,0.0233,1,1,1,0.7
law,South Korea / x x x x,South Korea,korea-2024-korea-election-rule-deepfake-labeling-annex-1-3.pdf,Provenance/Disclosure-led,very-thin-review-required,,scope/coverage,97.8,high,5,5,1,1,1,1,0.85
law,South Korea / x x x x,South Korea,korea-2024-korea-election-rule-deepfake-labeling-annex-1-3.pdf,Provenance/Disclosure-led,very-thin-review-required,,disclosure/labeling,97.8,high,5,5,1,1,1,1,0.85
law,South Korea / x x x x,South Korea,korea-2024-korea-election-rule-deepfake-labeling-annex-1-3.pdf,Provenance/Disclosure-led,very-thin-review-required,,remedies/consent,0,none,0,5,0,0,1,0,0
law,South Korea / x x x x,South Korea,korea-2024-korea-election-rule-deepfake-labeling-annex-1-3.pdf,Provenance/Disclosure-led,very-thin-review-required,,elections,48,medium,1,5,0.2,1,1,1,1
law,South Korea / x x x x,South Korea,korea-2024-korea-election-rule-deepfake-labeling-annex-1-3.pdf,Provenance/Disclosure-led,very-thin-review-required,,criminalize/penalty,0,none,0,5,0,0,1,0,0
law,South Korea / x x x x,South Korea,korea-2024-korea-election-rule-deepfake-labeling-annex-1-3.pdf,Provenance/Disclosure-led,very-thin-review-required,,platform duties,0,none,0,5,0,0,1,0,0
law,South Korea / x x x x x x x x,South Korea,korea-2026-ai-basic-act-law-no-21311.pdf,Hybrid/Mixed,moderate,,scope/coverage,92.5,high,284,290,0.9793,1,1,1,0.589
law,South Korea / x x x x x x x x,South Korea,korea-2026-ai-basic-act-law-no-21311.pdf,Hybrid/Mixed,moderate,,disclosure/labeling,35,medium,7,290,0.0241,1,1,1,0.893
law,South Korea / x x x x x x x x,South Korea,korea-2026-ai-basic-act-law-no-21311.pdf,Hybrid/Mixed,moderate,,remedies/consent,31.7,medium,2,290,0.0069,1,1,1,0.75
law,South Korea / x x x x x x x x,South Korea,korea-2026-ai-basic-act-law-no-21311.pdf,Hybrid/Mixed,moderate,,elections,27,low,1,290,0.0034,1,1,1,0.45
law,South Korea / x x x x x x x x,South Korea,korea-2026-ai-basic-act-law-no-21311.pdf,Hybrid/Mixed,moderate,,criminalize/penalty,34.4,medium,14,290,0.0483,1,1,1,0.75
law,South Korea / x x x x x x x x,South Korea,korea-2026-ai-basic-act-law-no-21311.pdf,Hybrid/Mixed,moderate,,platform duties,40.4,medium,37,290,0.1276,1,1,1,0.809
law,South Korea / x x x x x x x x x,South Korea,korea-2026-ai-basic-act-enforcement-decree-presidential-decree-no-36053.pdf,Platform-duty-led,moderate,,scope/coverage,94,high,118,120,0.9833,1,1,1,0.671
law,South Korea / x x x x x x x x x,South Korea,korea-2026-ai-basic-act-enforcement-decree-presidential-decree-no-36053.pdf,Platform-duty-led,moderate,,disclosure/labeling,38.9,medium,11,120,0.0917,1,1,1,0.864
law,South Korea / x x x x x x x x x,South Korea,korea-2026-ai-basic-act-enforcement-decree-presidential-decree-no-36053.pdf,Platform-duty-led,moderate,,remedies/consent,35.5,medium,1,120,0.0083,1,1,1,1
law,South Korea / x x x x x x x x x,South Korea,korea-2026-ai-basic-act-enforcement-decree-presidential-decree-no-36053.pdf,Platform-duty-led,moderate,,elections,0,none,0,120,0,0,1,0,0
law,South Korea / x x x x x x x x x,South Korea,korea-2026-ai-basic-act-enforcement-decree-presidential-decree-no-36053.pdf,Platform-duty-led,moderate,,criminalize/penalty,35.6,medium,7,120,0.0583,1,1,1,0.786
law,South Korea / x x x x x x x x x,South Korea,korea-2026-ai-basic-act-enforcement-decree-presidential-decree-no-36053.pdf,Platform-duty-led,moderate,,platform duties,48.5,medium,30,120,0.25,1,1,1,0.817
law,South Korea / x x x x x x x,South Korea,korea-2026-information-communications-network-act-law-no-21305-ko.pdf,Hybrid Criminal-Platform-led,moderate,,scope/coverage,97.9,high,93,93,1,1,1,1,0.86
law,South Korea / x x x x x x x,South Korea,korea-2026-information-communications-network-act-law-no-21305-ko.pdf,Hybrid Criminal-Platform-led,moderate,,disclosure/labeling,49.4,medium,24,93,0.2581,1,1,1,0.844
law,South Korea / x x x x x x x,South Korea,korea-2026-information-communications-network-act-law-no-21305-ko.pdf,Hybrid Criminal-Platform-led,moderate,,remedies/consent,60.5,high,40,93,0.4301,1,1,1,0.838
law,South Korea / x x x x x x x,South Korea,korea-2026-information-communications-network-act-law-no-21305-ko.pdf,Hybrid Criminal-Platform-led,moderate,,elections,34.6,medium,3,93,0.0323,1,1,1,0.833
law,South Korea / x x x x x x x,South Korea,korea-2026-information-communications-network-act-law-no-21305-ko.pdf,Hybrid Criminal-Platform-led,moderate,,criminalize/penalty,54.8,medium,30,93,0.3226,1,1,1,0.925
law,South Korea / x x x x x x x,South Korea,korea-2026-information-communications-network-act-law-no-21305-ko.pdf,Hybrid Criminal-Platform-led,moderate,,platform duties,55.3,medium,31,93,0.3333,1,1,1,0.911
law,South Korea / x x x x,South Korea,korea-2025-act-on-fair-labeling-and-advertising-law-no-20712-ko.pdf,Hybrid Criminal-Platform-led,moderate,,scope/coverage,54.9,medium,23,70,0.3286,1,1,1,0.902
law,South Korea / x x x x,South Korea,korea-2025-act-on-fair-labeling-and-advertising-law-no-20712-ko.pdf,Hybrid Criminal-Platform-led,moderate,,disclosure/labeling,76.5,high,47,70,0.6714,1,1,1,0.856
law,South Korea / x x x x,South Korea,korea-2025-act-on-fair-labeling-and-advertising-law-no-20712-ko.pdf,Hybrid Criminal-Platform-led,moderate,,remedies/consent,39.3,medium,6,70,0.0857,1,1,1,0.917
law,South Korea / x x x x,South Korea,korea-2025-act-on-fair-labeling-and-advertising-law-no-20712-ko.pdf,Hybrid Criminal-Platform-led,moderate,,elections,37.8,medium,3,70,0.0429,1,1,1,1
law,South Korea / x x x x,South Korea,korea-2025-act-on-fair-labeling-and-advertising-law-no-20712-ko.pdf,Hybrid Criminal-Platform-led,moderate,,criminalize/penalty,59,medium,28,70,0.4,1,1,1,0.866
law,South Korea / x x x x,South Korea,korea-2025-act-on-fair-labeling-and-advertising-law-no-20712-ko.pdf,Hybrid Criminal-Platform-led,moderate,,platform duties,72.2,high,42,70,0.6,1,1,1,0.881
law,South Korea / x x x x x,South Korea,korea-2025-enforcement-decree-of-act-on-fair-labeling-and-advertising-presidential-decree-no-35811-ko.pdf,Platform-duty-led,thin,,scope/coverage,59.6,medium,9,23,0.3913,1,1,1,0.944
law,South Korea / x x x x x,South Korea,korea-2025-enforcement-decree-of-act-on-fair-labeling-and-advertising-presidential-decree-no-35811-ko.pdf,Platform-duty-led,thin,,disclosure/labeling,95,high,22,23,0.9565,1,1,1,0.852
law,South Korea / x x x x x,South Korea,korea-2025-enforcement-decree-of-act-on-fair-labeling-and-advertising-presidential-decree-no-35811-ko.pdf,Platform-duty-led,thin,,remedies/consent,37.8,medium,1,23,0.0435,1,1,1,1
law,South Korea / x x x x x,South Korea,korea-2025-enforcement-decree-of-act-on-fair-labeling-and-advertising-presidential-decree-no-35811-ko.pdf,Platform-duty-led,thin,,elections,0,none,0,23,0,0,1,0,0
law,South Korea / x x x x x,South Korea,korea-2025-enforcement-decree-of-act-on-fair-labeling-and-advertising-presidential-decree-no-35811-ko.pdf,Platform-duty-led,thin,,criminalize/penalty,34.1,medium,1,23,0.0435,1,1,1,0.75
law,South Korea / x x x x x,South Korea,korea-2025-enforcement-decree-of-act-on-fair-labeling-and-advertising-presidential-decree-no-35811-ko.pdf,Platform-duty-led,thin,,platform duties,75.6,high,15,23,0.6522,1,1,1,0.883
law,Taiwan / Act CH,Taiwan,taiwan-2023-presidential-vice-presidential-election-recall-act-article-47-3-en.pdf,Platform-duty-led,very-thin-review-required,,scope/coverage,74.2,high,2,3,0.6667,1,1,1,0.725
law,Taiwan / Act CH,Taiwan,taiwan-2023-presidential-vice-presidential-election-recall-act-article-47-3-en.pdf,Platform-duty-led,very-thin-review-required,,disclosure/labeling,0,none,0,3,0,0,1,0,0
law,Taiwan / Act CH,Taiwan,taiwan-2023-presidential-vice-presidential-election-recall-act-article-47-3-en.pdf,Platform-duty-led,very-thin-review-required,,remedies/consent,0,none,0,3,0,0,1,0,0
law,Taiwan / Act CH,Taiwan,taiwan-2023-presidential-vice-presidential-election-recall-act-article-47-3-en.pdf,Platform-duty-led,very-thin-review-required,,elections,56.7,medium,1,3,0.3333,1,1,1,1
law,Taiwan / Act CH,Taiwan,taiwan-2023-presidential-vice-presidential-election-recall-act-article-47-3-en.pdf,Platform-duty-led,very-thin-review-required,,criminalize/penalty,0,none,0,3,0,0,1,0,0
law,Taiwan / Act CH,Taiwan,taiwan-2023-presidential-vice-presidential-election-recall-act-article-47-3-en.pdf,Platform-duty-led,very-thin-review-required,,platform duties,76.5,high,2,3,0.6667,1,1,1,0.875
law,Taiwan / This Code shall apply to any of the following offenses outside the territories of the Republic of China:,Taiwan,taiwan-2025-criminal-code-republic-of-china-en.pdf,Strict Criminal-led,moderate,,scope/coverage,52.1,medium,77,262,0.2939,1,1,1,0.867
law,Taiwan / This Code shall apply to any of the following offenses outside the territories of the Republic of China:,Taiwan,taiwan-2025-criminal-code-republic-of-china-en.pdf,Strict Criminal-led,moderate,,disclosure/labeling,35.6,medium,8,262,0.0305,1,1,1,0.906
law,Taiwan / This Code shall apply to any of the following offenses outside the territories of the Republic of China:,Taiwan,taiwan-2025-criminal-code-republic-of-china-en.pdf,Strict Criminal-led,moderate,,remedies/consent,40.6,medium,29,262,0.1107,1,1,1,0.897
law,Taiwan / This Code shall apply to any of the following offenses outside the territories of the Republic of China:,Taiwan,taiwan-2025-criminal-code-republic-of-china-en.pdf,Strict Criminal-led,moderate,,elections,37.6,medium,16,262,0.0611,1,1,1,0.906
law,Taiwan / This Code shall apply to any of the following offenses outside the territories of the Republic of China:,Taiwan,taiwan-2025-criminal-code-republic-of-china-en.pdf,Strict Criminal-led,moderate,,criminalize/penalty,91.5,high,240,262,0.916,1,1,1,0.799
law,Taiwan / This Code shall apply to any of the following offenses outside the territories of the Republic of China:,Taiwan,taiwan-2025-criminal-code-republic-of-china-en.pdf,Strict Criminal-led,moderate,,platform duties,43.9,medium,44,262,0.1679,1,1,1,0.863
law,Tanzania / cybercrimes act no 14 revised 2023 en,Tanzania,tanzania-2015-cybercrimes-act-no-14-revised-2023-en.pdf,Hybrid Criminal-Platform-led,moderate,,scope/coverage,44,medium,38,201,0.1891,1,1,1,0.782
law,Tanzania / cybercrimes act no 14 revised 2023 en,Tanzania,tanzania-2015-cybercrimes-act-no-14-revised-2023-en.pdf,Hybrid Criminal-Platform-led,moderate,,disclosure/labeling,38.6,medium,19,201,0.0945,1,1,1,0.829
law,Tanzania / cybercrimes act no 14 revised 2023 en,Tanzania,tanzania-2015-cybercrimes-act-no-14-revised-2023-en.pdf,Hybrid Criminal-Platform-led,moderate,,remedies/consent,35.1,medium,5,201,0.0249,1,1,1,0.9
law,Tanzania / cybercrimes act no 14 revised 2023 en,Tanzania,tanzania-2015-cybercrimes-act-no-14-revised-2023-en.pdf,Hybrid Criminal-Platform-led,moderate,,elections,35.3,medium,1,201,0.005,1,1,1,1
law,Tanzania / cybercrimes act no 14 revised 2023 en,Tanzania,tanzania-2015-cybercrimes-act-no-14-revised-2023-en.pdf,Hybrid Criminal-Platform-led,moderate,,criminalize/penalty,65.7,high,106,201,0.5274,1,1,1,0.764
law,Tanzania / cybercrimes act no 14 revised 2023 en,Tanzania,tanzania-2015-cybercrimes-act-no-14-revised-2023-en.pdf,Hybrid Criminal-Platform-led,moderate,,platform duties,56.8,medium,78,201,0.3881,1,1,1,0.769
law,United Arab Emirates / Federal Decree-Law of 2021 on Countering Rumors and Cybercrimes 1,United Arab Emirates,uae-2021-Federal Decree-Law No. (34) of 2021 On Countering Rumors and Cybercrimes.pdf,Strict Criminal-led,moderate,,scope/coverage,44.1,medium,12,73,0.1644,1,1,1,0.896
law,United Arab Emirates / Federal Decree-Law of 2021 on Countering Rumors and Cybercrimes 1,United Arab Emirates,uae-2021-Federal Decree-Law No. (34) of 2021 On Countering Rumors and Cybercrimes.pdf,Strict Criminal-led,moderate,,disclosure/labeling,42,medium,10,73,0.137,1,1,1,0.875
law,United Arab Emirates / Federal Decree-Law of 2021 on Countering Rumors and Cybercrimes 1,United Arab Emirates,uae-2021-Federal Decree-Law No. (34) of 2021 On Countering Rumors and Cybercrimes.pdf,Strict Criminal-led,moderate,,remedies/consent,38,medium,5,73,0.0685,1,1,1,0.9
law,United Arab Emirates / Federal Decree-Law of 2021 on Countering Rumors and Cybercrimes 1,United Arab Emirates,uae-2021-Federal Decree-Law No. (34) of 2021 On Countering Rumors and Cybercrimes.pdf,Strict Criminal-led,moderate,,elections,34.9,medium,2,73,0.0274,1,1,1,0.875
law,United Arab Emirates / Federal Decree-Law of 2021 on Countering Rumors and Cybercrimes 1,United Arab Emirates,uae-2021-Federal Decree-Law No. (34) of 2021 On Countering Rumors and Cybercrimes.pdf,Strict Criminal-led,moderate,,criminalize/penalty,91.9,high,67,73,0.9178,1,1,1,0.813
law,United Arab Emirates / Federal Decree-Law of 2021 on Countering Rumors and Cybercrimes 1,United Arab Emirates,uae-2021-Federal Decree-Law No. (34) of 2021 On Countering Rumors and Cybercrimes.pdf,Strict Criminal-led,moderate,,platform duties,43.4,medium,11,73,0.1507,1,1,1,0.905
law,United Kingdom / (1) This Act provides for a new regulatory framework which has the general purpose of,United Kingdom,uk-2023-online-safety-act-sec179-amendment.pdf,Hybrid Criminal-Platform-led,moderate,,scope/coverage,55.3,medium,1073,2946,0.3642,1,1,1,0.778
law,United Kingdom / (1) This Act provides for a new regulatory framework which has the general purpose of,United Kingdom,uk-2023-online-safety-act-sec179-amendment.pdf,Hybrid Criminal-Platform-led,moderate,,disclosure/labeling,36.1,medium,142,2946,0.0482,1,1,1,0.864
law,United Kingdom / (1) This Act provides for a new regulatory framework which has the general purpose of,United Kingdom,uk-2023-online-safety-act-sec179-amendment.pdf,Hybrid Criminal-Platform-led,moderate,,remedies/consent,38.3,medium,269,2946,0.0913,1,1,1,0.826
law,United Kingdom / (1) This Act provides for a new regulatory framework which has the general purpose of,United Kingdom,uk-2023-online-safety-act-sec179-amendment.pdf,Hybrid Criminal-Platform-led,moderate,,elections,32.1,medium,13,2946,0.0044,1,1,1,0.788
law,United Kingdom / (1) This Act provides for a new regulatory framework which has the general purpose of,United Kingdom,uk-2023-online-safety-act-sec179-amendment.pdf,Hybrid Criminal-Platform-led,moderate,,criminalize/penalty,48.7,medium,761,2946,0.2583,1,1,1,0.796
law,United Kingdom / (1) This Act provides for a new regulatory framework which has the general purpose of,United Kingdom,uk-2023-online-safety-act-sec179-amendment.pdf,Hybrid Criminal-Platform-led,moderate,,platform duties,75.2,high,2005,2946,0.6806,1,1,1,0.728
law,United Kingdom / Data (Use and Access) Act 2025,United Kingdom,uk-2025-Data (Use and Access) Act 2025.pdf,Hybrid Criminal-Platform-led,moderate,,scope/coverage,58.5,medium,373,833,0.4478,1,1,1,0.628
law,United Kingdom / Data (Use and Access) Act 2025,United Kingdom,uk-2025-Data (Use and Access) Act 2025.pdf,Hybrid Criminal-Platform-led,moderate,,disclosure/labeling,39,medium,94,833,0.1128,1,1,1,0.777
law,United Kingdom / Data (Use and Access) Act 2025,United Kingdom,uk-2025-Data (Use and Access) Act 2025.pdf,Hybrid Criminal-Platform-led,moderate,,remedies/consent,38.7,medium,90,833,0.108,1,1,1,0.778
law,United Kingdom / Data (Use and Access) Act 2025,United Kingdom,uk-2025-Data (Use and Access) Act 2025.pdf,Hybrid Criminal-Platform-led,moderate,,elections,26.8,low,1,833,0.0012,1,1,1,0.45
law,United Kingdom / Data (Use and Access) Act 2025,United Kingdom,uk-2025-Data (Use and Access) Act 2025.pdf,Hybrid Criminal-Platform-led,moderate,,criminalize/penalty,50,medium,238,833,0.2857,1,1,1,0.762
law,United Kingdom / Data (Use and Access) Act 2025,United Kingdom,uk-2025-Data (Use and Access) Act 2025.pdf,Hybrid Criminal-Platform-led,moderate,,platform duties,47.1,medium,209,833,0.2509,1,1,1,0.722
law,"United States / (e) ""Harass"" means an act that would cause a substantial adverse effect on the safety, security, or privacy",United States,united-states-2025-Minnesota-617.262-NONCONSENSUAL DISSEMINATION OF A DEEP FAKE DEPICTING INTIMATE.pdf,Rights/Remedies-led,moderate,,scope/coverage,77.2,high,26,37,0.7027,1,1,1,0.767
law,"United States / (e) ""Harass"" means an act that would cause a substantial adverse effect on the safety, security, or privacy",United States,united-states-2025-Minnesota-617.262-NONCONSENSUAL DISSEMINATION OF A DEEP FAKE DEPICTING INTIMATE.pdf,Rights/Remedies-led,moderate,,disclosure/labeling,33,medium,1,37,0.027,1,1,1,0.75
law,"United States / (e) ""Harass"" means an act that would cause a substantial adverse effect on the safety, security, or privacy",United States,united-states-2025-Minnesota-617.262-NONCONSENSUAL DISSEMINATION OF A DEEP FAKE DEPICTING INTIMATE.pdf,Rights/Remedies-led,moderate,,remedies/consent,50.9,medium,11,37,0.2973,1,1,1,0.773
law,"United States / (e) ""Harass"" means an act that would cause a substantial adverse effect on the safety, security, or privacy",United States,united-states-2025-Minnesota-617.262-NONCONSENSUAL DISSEMINATION OF A DEEP FAKE DEPICTING INTIMATE.pdf,Rights/Remedies-led,moderate,,elections,0,none,0,37,0,0,1,0,0
law,"United States / (e) ""Harass"" means an act that would cause a substantial adverse effect on the safety, security, or privacy",United States,united-states-2025-Minnesota-617.262-NONCONSENSUAL DISSEMINATION OF A DEEP FAKE DEPICTING INTIMATE.pdf,Rights/Remedies-led,moderate,,criminalize/penalty,43,medium,6,37,0.1622,1,1,1,0.833
law,"United States / (e) ""Harass"" means an act that would cause a substantial adverse effect on the safety, security, or privacy",United States,united-states-2025-Minnesota-617.262-NONCONSENSUAL DISSEMINATION OF A DEEP FAKE DEPICTING INTIMATE.pdf,Rights/Remedies-led,moderate,,platform duties,39.1,medium,5,37,0.1351,1,1,1,0.69
law,"United States / (f) ""Sexual act"" means either sexual contact or sexual penetration.",United States,united-states-2025-Minnesota-604.32-CAUSE OF ACTION FOR NONCONSENSUAL DISSEMINATION OF A DEEP FAKE.pdf,Rights/Remedies-led,moderate,,scope/coverage,83.7,high,23,29,0.7931,1,1,1,0.813
law,"United States / (f) ""Sexual act"" means either sexual contact or sexual penetration.",United States,united-states-2025-Minnesota-604.32-CAUSE OF ACTION FOR NONCONSENSUAL DISSEMINATION OF A DEEP FAKE.pdf,Rights/Remedies-led,moderate,,disclosure/labeling,37.6,medium,2,29,0.069,1,1,1,0.875
law,"United States / (f) ""Sexual act"" means either sexual contact or sexual penetration.",United States,united-states-2025-Minnesota-604.32-CAUSE OF ACTION FOR NONCONSENSUAL DISSEMINATION OF A DEEP FAKE.pdf,Rights/Remedies-led,moderate,,remedies/consent,61.8,high,13,29,0.4483,1,1,1,0.846
law,"United States / (f) ""Sexual act"" means either sexual contact or sexual penetration.",United States,united-states-2025-Minnesota-604.32-CAUSE OF ACTION FOR NONCONSENSUAL DISSEMINATION OF A DEEP FAKE.pdf,Rights/Remedies-led,moderate,,elections,0,none,0,29,0,0,1,0,0
law,"United States / (f) ""Sexual act"" means either sexual contact or sexual penetration.",United States,united-states-2025-Minnesota-604.32-CAUSE OF ACTION FOR NONCONSENSUAL DISSEMINATION OF A DEEP FAKE.pdf,Rights/Remedies-led,moderate,,criminalize/penalty,42.1,medium,4,29,0.1379,1,1,1,0.875
law,"United States / (f) ""Sexual act"" means either sexual contact or sexual penetration.",United States,united-states-2025-Minnesota-604.32-CAUSE OF ACTION FOR NONCONSENSUAL DISSEMINATION OF A DEEP FAKE.pdf,Rights/Remedies-led,moderate,,platform duties,0,none,0,29,0,0,1,0,0
law,United States / 765 ILCS 1075/ - Right of Publicity Act.,United States,united-states-2025-Illinois -765 ILCS 1075_ - Right of Publicity Act.pdf,Hybrid/Mixed,moderate,,scope/coverage,73.8,high,21,32,0.6563,1,1,1,0.743
law,United States / 765 ILCS 1075/ - Right of Publicity Act.,United States,united-states-2025-Illinois -765 ILCS 1075_ - Right of Publicity Act.pdf,Hybrid/Mixed,moderate,,disclosure/labeling,38.6,medium,3,32,0.0938,1,1,1,0.833
law,United States / 765 ILCS 1075/ - Right of Publicity Act.,United States,united-states-2025-Illinois -765 ILCS 1075_ - Right of Publicity Act.pdf,Hybrid/Mixed,moderate,,remedies/consent,42.9,medium,5,32,0.1563,1,1,1,0.85
law,United States / 765 ILCS 1075/ - Right of Publicity Act.,United States,united-states-2025-Illinois -765 ILCS 1075_ - Right of Publicity Act.pdf,Hybrid/Mixed,moderate,,elections,37.3,medium,3,32,0.0938,1,1,1,0.75
law,United States / 765 ILCS 1075/ - Right of Publicity Act.,United States,united-states-2025-Illinois -765 ILCS 1075_ - Right of Publicity Act.pdf,Hybrid/Mixed,moderate,,criminalize/penalty,44.1,medium,6,32,0.1875,1,1,1,0.792
law,United States / 765 ILCS 1075/ - Right of Publicity Act.,United States,united-states-2025-Illinois -765 ILCS 1075_ - Right of Publicity Act.pdf,Hybrid/Mixed,moderate,,platform duties,45.3,medium,6,32,0.1875,1,1,1,0.875
law,United States / Assembly Bill No. 2655,United States,united-states-2024-California-Defending Democracy from Deepfake Deception Act.pdf,Platform-duty-led,moderate,,scope/coverage,92.4,high,84,94,0.8936,1,1,1,0.952
law,United States / Assembly Bill No. 2655,United States,united-states-2024-California-Defending Democracy from Deepfake Deception Act.pdf,Platform-duty-led,moderate,,disclosure/labeling,55.7,medium,30,94,0.3191,1,1,1,1
law,United States / Assembly Bill No. 2655,United States,united-states-2024-California-Defending Democracy from Deepfake Deception Act.pdf,Platform-duty-led,moderate,,remedies/consent,35.7,medium,1,94,0.0106,1,1,1,1
law,United States / Assembly Bill No. 2655,United States,united-states-2024-California-Defending Democracy from Deepfake Deception Act.pdf,Platform-duty-led,moderate,,elections,73.9,high,57,94,0.6064,1,1,1,0.965
law,United States / Assembly Bill No. 2655,United States,united-states-2024-California-Defending Democracy from Deepfake Deception Act.pdf,Platform-duty-led,moderate,,criminalize/penalty,0,none,0,94,0,0,1,0,0
law,United States / Assembly Bill No. 2655,United States,united-states-2024-California-Defending Democracy from Deepfake Deception Act.pdf,Platform-duty-led,moderate,,platform duties,64,high,42,94,0.4468,1,1,1,0.994
law,United States / CIVIL CODE,United States,united-states-2026-California-Civil Code-1708.86.pdf,Platform-duty-led,moderate,,scope/coverage,70.7,high,26,44,0.5909,1,1,1,0.817
law,United States / CIVIL CODE,United States,united-states-2026-California-Civil Code-1708.86.pdf,Platform-duty-led,moderate,,disclosure/labeling,45.8,medium,9,44,0.2045,1,1,1,0.833
law,United States / CIVIL CODE,United States,united-states-2026-California-Civil Code-1708.86.pdf,Platform-duty-led,moderate,,remedies/consent,55.7,medium,15,44,0.3409,1,1,1,0.9
law,United States / CIVIL CODE,United States,united-states-2026-California-Civil Code-1708.86.pdf,Platform-duty-led,moderate,,elections,32.7,medium,1,44,0.0227,1,1,1,0.75
law,United States / CIVIL CODE,United States,united-states-2026-California-Civil Code-1708.86.pdf,Platform-duty-led,moderate,,criminalize/penalty,40.1,medium,6,44,0.1364,1,1,1,0.75
law,United States / CIVIL CODE,United States,united-states-2026-California-Civil Code-1708.86.pdf,Platform-duty-led,moderate,,platform duties,51.3,medium,13,44,0.2955,1,1,1,0.804
law,United States / Civil Code section,United States,united-states-2025-California-Civil Code section 3344-1.pdf,Hybrid Criminal-Platform-led,thin,,scope/coverage,78.3,high,9,13,0.6923,2,2,1,0.889
law,United States / Civil Code section,United States,united-states-2025-California-Civil Code section 3344-1.pdf,Hybrid Criminal-Platform-led,thin,,disclosure/labeling,0,none,0,13,0,0,2,0,0
law,United States / Civil Code section,United States,united-states-2025-California-Civil Code section 3344-1.pdf,Hybrid Criminal-Platform-led,thin,,remedies/consent,77.9,high,9,13,0.6923,2,2,1,0.861
law,United States / Civil Code section,United States,united-states-2025-California-Civil Code section 3344-1.pdf,Hybrid Criminal-Platform-led,thin,,elections,50,medium,3,13,0.2308,2,2,1,1
law,United States / Civil Code section,United States,united-states-2025-California-Civil Code section 3344-1.pdf,Hybrid Criminal-Platform-led,thin,,criminalize/penalty,63.1,high,6,13,0.4615,2,2,1,0.875
law,United States / Civil Code section,United States,united-states-2025-California-Civil Code section 3344-1.pdf,Hybrid Criminal-Platform-led,thin,,platform duties,50,medium,3,13,0.2308,2,2,1,1
law,"United States / judicial, or local office including special districts, school districts, towns, home rule charter and statutory cities, and counties.",United States,united-states-2025-Minnesota-609.771-USE OF DEEP FAKE TECHNOLOGY TO INFLUENCE ELECTION.pdf,Strict Criminal-led,thin,,scope/coverage,56.9,medium,6,16,0.375,1,1,1,0.833
law,"United States / judicial, or local office including special districts, school districts, towns, home rule charter and statutory cities, and counties.",United States,united-states-2025-Minnesota-609.771-USE OF DEEP FAKE TECHNOLOGY TO INFLUENCE ELECTION.pdf,Strict Criminal-led,thin,,disclosure/labeling,0,none,0,16,0,0,1,0,0
law,"United States / judicial, or local office including special districts, school districts, towns, home rule charter and statutory cities, and counties.",United States,united-states-2025-Minnesota-609.771-USE OF DEEP FAKE TECHNOLOGY TO INFLUENCE ELECTION.pdf,Strict Criminal-led,thin,,remedies/consent,35.3,medium,1,16,0.0625,1,1,1,0.75
law,"United States / judicial, or local office including special districts, school districts, towns, home rule charter and statutory cities, and counties.",United States,united-states-2025-Minnesota-609.771-USE OF DEEP FAKE TECHNOLOGY TO INFLUENCE ELECTION.pdf,Strict Criminal-led,thin,,elections,68.6,high,9,16,0.5625,1,1,1,0.806
law,"United States / judicial, or local office including special districts, school districts, towns, home rule charter and statutory cities, and counties.",United States,united-states-2025-Minnesota-609.771-USE OF DEEP FAKE TECHNOLOGY TO INFLUENCE ELECTION.pdf,Strict Criminal-led,thin,,criminalize/penalty,52.3,medium,5,16,0.3125,1,1,1,0.8
law,"United States / judicial, or local office including special districts, school districts, towns, home rule charter and statutory cities, and counties.",United States,united-states-2025-Minnesota-609.771-USE OF DEEP FAKE TECHNOLOGY TO INFLUENCE ELECTION.pdf,Strict Criminal-led,thin,,platform duties,39.1,medium,1,16,0.0625,1,1,1,1
law,United States / LABOR CODE,United States,united-states-2024-California-Labor Code-New-927-digital_replica.pdf,Provenance/Disclosure-led,very-thin-review-required,,scope/coverage,93.4,high,8,8,1,1,1,1,0.563
law,United States / LABOR CODE,United States,united-states-2024-California-Labor Code-New-927-digital_replica.pdf,Provenance/Disclosure-led,very-thin-review-required,,disclosure/labeling,39.4,medium,1,8,0.125,1,1,1,0.75
law,United States / LABOR CODE,United States,united-states-2024-California-Labor Code-New-927-digital_replica.pdf,Provenance/Disclosure-led,very-thin-review-required,,remedies/consent,39.4,medium,1,8,0.125,1,1,1,0.75
law,United States / LABOR CODE,United States,united-states-2024-California-Labor Code-New-927-digital_replica.pdf,Provenance/Disclosure-led,very-thin-review-required,,elections,0,none,0,8,0,0,1,0,0
law,United States / LABOR CODE,United States,united-states-2024-California-Labor Code-New-927-digital_replica.pdf,Provenance/Disclosure-led,very-thin-review-required,,criminalize/penalty,0,none,0,8,0,0,1,0,0
law,United States / LABOR CODE,United States,united-states-2024-California-Labor Code-New-927-digital_replica.pdf,Provenance/Disclosure-led,very-thin-review-required,,platform duties,0,none,0,8,0,0,1,0,0
law,United States / NYC General obligations SECTION 5 302,United States,united-states-2025-NYC-General-obligations-SECTION 5-302.docx,Hybrid/Mixed,very-thin-review-required,,scope/coverage,94.5,high,5,5,1,1,1,1,0.63
law,United States / NYC General obligations SECTION 5 302,United States,united-states-2025-NYC-General-obligations-SECTION 5-302.docx,Hybrid/Mixed,very-thin-review-required,,disclosure/labeling,0,none,0,5,0,0,1,0,0
law,United States / NYC General obligations SECTION 5 302,United States,united-states-2025-NYC-General-obligations-SECTION 5-302.docx,Hybrid/Mixed,very-thin-review-required,,remedies/consent,0,none,0,5,0,0,1,0,0
law,United States / NYC General obligations SECTION 5 302,United States,united-states-2025-NYC-General-obligations-SECTION 5-302.docx,Hybrid/Mixed,very-thin-review-required,,elections,0,none,0,5,0,0,1,0,0
law,United States / NYC General obligations SECTION 5 302,United States,united-states-2025-NYC-General-obligations-SECTION 5-302.docx,Hybrid/Mixed,very-thin-review-required,,criminalize/penalty,0,none,0,5,0,0,1,0,0
law,United States / NYC General obligations SECTION 5 302,United States,united-states-2025-NYC-General-obligations-SECTION 5-302.docx,Hybrid/Mixed,very-thin-review-required,,platform duties,0,none,0,5,0,0,1,0,0
law,United States / NYC Right of publicity SECTION 50 F,United States,united-states-2025-NYC-Right of publicity-SECTION 50-F.docx,Hybrid Criminal-Platform-led,thin,,scope/coverage,90.1,high,9,10,0.9,1,1,1,0.772
law,United States / NYC Right of publicity SECTION 50 F,United States,united-states-2025-NYC-Right of publicity-SECTION 50-F.docx,Hybrid Criminal-Platform-led,thin,,disclosure/labeling,48,medium,2,10,0.2,1,1,1,1
law,United States / NYC Right of publicity SECTION 50 F,United States,united-states-2025-NYC-Right of publicity-SECTION 50-F.docx,Hybrid Criminal-Platform-led,thin,,remedies/consent,46.1,medium,2,10,0.2,1,1,1,0.875
law,United States / NYC Right of publicity SECTION 50 F,United States,united-states-2025-NYC-Right of publicity-SECTION 50-F.docx,Hybrid Criminal-Platform-led,thin,,elections,41.5,medium,1,10,0.1,1,1,1,1
law,United States / NYC Right of publicity SECTION 50 F,United States,united-states-2025-NYC-Right of publicity-SECTION 50-F.docx,Hybrid Criminal-Platform-led,thin,,criminalize/penalty,46.1,medium,2,10,0.2,1,1,1,0.875
law,United States / NYC Right of publicity SECTION 50 F,United States,united-states-2025-NYC-Right of publicity-SECTION 50-F.docx,Hybrid Criminal-Platform-led,thin,,platform duties,53.3,medium,3,10,0.3,1,1,1,0.917
law,United States / SENATE BILL 24-205,United States,united-states-2025-Colorado-SB24-205 Consumer Protections for AI.pdf,Provenance/Disclosure-led,moderate,,scope/coverage,90.7,high,132,141,0.9362,1,1,1,0.657
law,United States / SENATE BILL 24-205,United States,united-states-2025-Colorado-SB24-205 Consumer Protections for AI.pdf,Provenance/Disclosure-led,moderate,,disclosure/labeling,39.2,medium,15,141,0.1064,1,1,1,0.817
law,United States / SENATE BILL 24-205,United States,united-states-2025-Colorado-SB24-205 Consumer Protections for AI.pdf,Provenance/Disclosure-led,moderate,,remedies/consent,0,none,0,141,0,0,1,0,0
law,United States / SENATE BILL 24-205,United States,united-states-2025-Colorado-SB24-205 Consumer Protections for AI.pdf,Provenance/Disclosure-led,moderate,,elections,0,none,0,141,0,0,1,0,0
law,United States / SENATE BILL 24-205,United States,united-states-2025-Colorado-SB24-205 Consumer Protections for AI.pdf,Provenance/Disclosure-led,moderate,,criminalize/penalty,0,none,0,141,0,0,1,0,0
law,United States / SENATE BILL 24-205,United States,united-states-2025-Colorado-SB24-205 Consumer Protections for AI.pdf,Provenance/Disclosure-led,moderate,,platform duties,37.4,medium,13,141,0.0922,1,1,1,0.758
law,United States / TAKE IT DOWN Act,United States,united-states-2025-TAKE-IT-DOWN-Act-public-law-119-12.pdf,Hybrid Criminal-Platform-led,moderate,,scope/coverage,51.4,medium,13,45,0.2889,1,1,1,0.842
law,United States / TAKE IT DOWN Act,United States,united-states-2025-TAKE-IT-DOWN-Act-public-law-119-12.pdf,Hybrid Criminal-Platform-led,moderate,,disclosure/labeling,44.6,medium,7,45,0.1556,1,1,1,0.964
law,United States / TAKE IT DOWN Act,United States,united-states-2025-TAKE-IT-DOWN-Act-public-law-119-12.pdf,Hybrid Criminal-Platform-led,moderate,,remedies/consent,63.4,high,21,45,0.4667,1,1,1,0.869
law,United States / TAKE IT DOWN Act,United States,united-states-2025-TAKE-IT-DOWN-Act-public-law-119-12.pdf,Hybrid Criminal-Platform-led,moderate,,elections,37.9,medium,2,45,0.0444,1,1,1,1
law,United States / TAKE IT DOWN Act,United States,united-states-2025-TAKE-IT-DOWN-Act-public-law-119-12.pdf,Hybrid Criminal-Platform-led,moderate,,criminalize/penalty,45.1,medium,8,45,0.1778,1,1,1,0.906
law,United States / TAKE IT DOWN Act,United States,united-states-2025-TAKE-IT-DOWN-Act-public-law-119-12.pdf,Hybrid Criminal-Platform-led,moderate,,platform duties,75.2,high,30,45,0.6667,1,1,1,0.79
law,United States / Tex. Election Code Section,United States,united-states-2025-Texas-Election Code Section 255.004 – True Source of Communication.pdf,Strict Criminal-led,very-thin-review-required,,scope/coverage,100,high,2,2,1,1,1,1,1
law,United States / Tex. Election Code Section,United States,united-states-2025-Texas-Election Code Section 255.004 – True Source of Communication.pdf,Strict Criminal-led,very-thin-review-required,,disclosure/labeling,0,none,0,2,0,0,1,0,0
law,United States / Tex. Election Code Section,United States,united-states-2025-Texas-Election Code Section 255.004 – True Source of Communication.pdf,Strict Criminal-led,very-thin-review-required,,remedies/consent,0,none,0,2,0,0,1,0,0
law,United States / Tex. Election Code Section,United States,united-states-2025-Texas-Election Code Section 255.004 – True Source of Communication.pdf,Strict Criminal-led,very-thin-review-required,,elections,100,high,2,2,1,1,1,1,1
law,United States / Tex. Election Code Section,United States,united-states-2025-Texas-Election Code Section 255.004 – True Source of Communication.pdf,Strict Criminal-led,very-thin-review-required,,criminalize/penalty,67.5,high,1,2,0.5,1,1,1,1
law,United States / Tex. Election Code Section,United States,united-states-2025-Texas-Election Code Section 255.004 – True Source of Communication.pdf,Strict Criminal-led,very-thin-review-required,,platform duties,0,none,0,2,0,0,1,0,0
law,United States / The TAKE IT DOWN Act: A Federal Law,United States,united-states-2025-The TAKE IT DOWN Act.pdf,Hybrid Criminal-Platform-led,very-thin-review-required,,scope/coverage,100,high,1,1,1,1,1,1,1
law,United States / The TAKE IT DOWN Act: A Federal Law,United States,united-states-2025-The TAKE IT DOWN Act.pdf,Hybrid Criminal-Platform-led,very-thin-review-required,,disclosure/labeling,100,high,1,1,1,1,1,1,1
law,United States / The TAKE IT DOWN Act: A Federal Law,United States,united-states-2025-The TAKE IT DOWN Act.pdf,Hybrid Criminal-Platform-led,very-thin-review-required,,remedies/consent,100,high,1,1,1,1,1,1,1
law,United States / The TAKE IT DOWN Act: A Federal Law,United States,united-states-2025-The TAKE IT DOWN Act.pdf,Hybrid Criminal-Platform-led,very-thin-review-required,,elections,100,high,1,1,1,1,1,1,1
law,United States / The TAKE IT DOWN Act: A Federal Law,United States,united-states-2025-The TAKE IT DOWN Act.pdf,Hybrid Criminal-Platform-led,very-thin-review-required,,criminalize/penalty,100,high,1,1,1,1,1,1,1
law,United States / The TAKE IT DOWN Act: A Federal Law,United States,united-states-2025-The TAKE IT DOWN Act.pdf,Hybrid Criminal-Platform-led,very-thin-review-required,,platform duties,100,high,1,1,1,1,1,1,1
law,United States / Utah 149 Artificial Intelligence Amendments Artificial Intelligence Policy Act.,United States,united-states-2024-Utah-149 Artificial Intelligence Amendments- Artificial Intelligence Policy Act..pdf,Hybrid Criminal-Platform-led,thin,,scope/coverage,93.3,high,18,19,0.9474,1,1,1,0.781
law,United States / Utah 149 Artificial Intelligence Amendments Artificial Intelligence Policy Act.,United States,united-states-2024-Utah-149 Artificial Intelligence Amendments- Artificial Intelligence Policy Act..pdf,Hybrid Criminal-Platform-led,thin,,disclosure/labeling,45.3,medium,3,19,0.1579,1,1,1,1
law,United States / Utah 149 Artificial Intelligence Amendments Artificial Intelligence Policy Act.,United States,united-states-2024-Utah-149 Artificial Intelligence Amendments- Artificial Intelligence Policy Act..pdf,Hybrid Criminal-Platform-led,thin,,remedies/consent,38.4,medium,1,19,0.0526,1,1,1,1
law,United States / Utah 149 Artificial Intelligence Amendments Artificial Intelligence Policy Act.,United States,united-states-2024-Utah-149 Artificial Intelligence Amendments- Artificial Intelligence Policy Act..pdf,Hybrid Criminal-Platform-led,thin,,elections,38.4,medium,1,19,0.0526,1,1,1,1
law,United States / Utah 149 Artificial Intelligence Amendments Artificial Intelligence Policy Act.,United States,united-states-2024-Utah-149 Artificial Intelligence Amendments- Artificial Intelligence Policy Act..pdf,Hybrid Criminal-Platform-led,thin,,criminalize/penalty,56.8,medium,7,19,0.3684,1,1,1,0.857
law,United States / Utah 149 Artificial Intelligence Amendments Artificial Intelligence Policy Act.,United States,united-states-2024-Utah-149 Artificial Intelligence Amendments- Artificial Intelligence Policy Act..pdf,Hybrid Criminal-Platform-led,thin,,platform duties,54.9,medium,6,19,0.3158,1,1,1,0.958
